Accession,Organism_Name,GenBank_RefSeq,Assembly,SRA_Accession,Submitters,Organization,Org_location,Release_Date,Isolate,Species,Genus,Family,Molecule_type,Length,Nuc_Completeness,Genotype,Segment,Publications,Geo_Location,Country,USA,Host,Tissue_Specimen_Source,Collection_Date,BioSample,BioProject,GenBank_Title
KY786027,Ebola virus,GenBank,set:KY786027,SRR5350234,"Guedj,J., Piorkowski,G., Jacquot,F., Madelain,V., Nguyen,T.H.T., Gunther,S., Carbonelle,C., Mentre,F., de Lamballerie,X., Raoul,H.","IAME, UMR 1137, INSERM, Universite Paris Diderot, Sorbonne Paris Cite",France,2018-07-13,,Orthoebolavirus zairense,Orthoebolavirus,Filoviridae,ssRNA(-),18871,complete,,,,Gabon,Gabon,,Macaca fascicularis,,2001,SAMN06603499,PRJNA379115,"Ebola virus strain Ebola virus/M.fascicularis-wt/GAB/2001/untreated-CCL053D9, complete genome"
KY786026,Ebola virus,GenBank,set:KY786026,SRR5350235,"Guedj,J., Piorkowski,G., Jacquot,F., Madelain,V., Nguyen,T.H.T., Gunther,S., Carbonelle,C., Mentre,F., de Lamballerie,X., Raoul,H.","IAME, UMR 1137, INSERM, Universite Paris Diderot, Sorbonne Paris Cite",France,2018-07-13,,Orthoebolavirus zairense,Orthoebolavirus,Filoviridae,ssRNA(-),18871,complete,,,,Gabon,Gabon,,Macaca fascicularis,,2001,SAMN06603498,PRJNA379115,"Ebola virus strain Ebola virus/M.fascicularis-wt/GAB/2001/untreated-CCL053D7, complete genome"
KY786025,Ebola virus,GenBank,set:KY786025,SRR5350236,"Guedj,J., Piorkowski,G., Jacquot,F., Madelain,V., Nguyen,T.H.T., Gunther,S., Carbonelle,C., Mentre,F., de Lamballerie,X., Raoul,H.","IAME, UMR 1137, INSERM, Universite Paris Diderot, Sorbonne Paris Cite",France,2018-07-13,,Orthoebolavirus zairense,Orthoebolavirus,Filoviridae,ssRNA(-),18871,complete,,,,Gabon,Gabon,,Macaca fascicularis,,2001,SAMN06603497,PRJNA379115,"Ebola virus strain Ebola virus/M.fascicularis-wt/GAB/2001/untreated-CCL053D5, complete genome"
KY786024,Ebola virus,GenBank,set:KY786024,SRR5350237,"Guedj,J., Piorkowski,G., Jacquot,F., Madelain,V., Nguyen,T.H.T., Gunther,S., Carbonelle,C., Mentre,F., de Lamballerie,X., Raoul,H.","IAME, UMR 1137, INSERM, Universite Paris Diderot, Sorbonne Paris Cite",France,2018-07-13,,Orthoebolavirus zairense,Orthoebolavirus,Filoviridae,ssRNA(-),18871,complete,,,,Gabon,Gabon,,Macaca fascicularis,,2001,SAMN06603496,PRJNA379115,"Ebola virus strain Ebola virus/M.fascicularis-wt/GAB/2001/untreated-CCJ046D7, complete genome"
KY786023,Ebola virus,GenBank,set:KY786023,SRR5350238,"Guedj,J., Piorkowski,G., Jacquot,F., Madelain,V., Nguyen,T.H.T., Gunther,S., Carbonelle,C., Mentre,F., de Lamballerie,X., Raoul,H.","IAME, UMR 1137, INSERM, Universite Paris Diderot, Sorbonne Paris Cite",France,2018-07-13,,Orthoebolavirus zairense,Orthoebolavirus,Filoviridae,ssRNA(-),18871,complete,,,,Gabon,Gabon,,Macaca fascicularis,,2001,SAMN06603495,PRJNA379115,"Ebola virus strain Ebola virus/M.fascicularis-wt/GAB/2001/untreated-CCJ046D5, complete genome"
KY786022,Ebola virus,GenBank,set:KY786022,SRR5350239,"Guedj,J., Piorkowski,G., Jacquot,F., Madelain,V., Nguyen,T.H.T., Gunther,S., Carbonelle,C., Mentre,F., de Lamballerie,X., Raoul,H.","IAME, UMR 1137, INSERM, Universite Paris Diderot, Sorbonne Paris Cite",France,2018-07-13,,Orthoebolavirus zairense,Orthoebolavirus,Filoviridae,ssRNA(-),18871,complete,,,,Gabon,Gabon,,Macaca fascicularis,,2001,SAMN06603494,PRJNA379115,"Ebola virus strain Ebola virus/M.fascicularis-wt/GAB/2001/untreated-CCJ046d10, complete genome"
KY786021,Ebola virus,GenBank,set:KY786021,SRR5350240,"Guedj,J., Piorkowski,G., Jacquot,F., Madelain,V., Nguyen,T.H.T., Gunther,S., Carbonelle,C., Mentre,F., de Lamballerie,X., Raoul,H.","IAME, UMR 1137, INSERM, Universite Paris Diderot, Sorbonne Paris Cite",France,2018-07-13,,Orthoebolavirus zairense,Orthoebolavirus,Filoviridae,ssRNA(-),18871,complete,,,,Gabon,Gabon,,Macaca fascicularis,,2001,SAMN06603493,PRJNA379115,"Ebola virus strain Ebola virus/M.fascicularis-wt/GAB/2001/untreated-CCI036D8, complete genome"
KY786020,Ebola virus,GenBank,set:KY786020,SRR5350241,"Guedj,J., Piorkowski,G., Jacquot,F., Madelain,V., Nguyen,T.H.T., Gunther,S., Carbonelle,C., Mentre,F., de Lamballerie,X., Raoul,H.","IAME, UMR 1137, INSERM, Universite Paris Diderot, Sorbonne Paris Cite",France,2018-07-13,,Orthoebolavirus zairense,Orthoebolavirus,Filoviridae,ssRNA(-),18871,complete,,,,Gabon,Gabon,,Macaca fascicularis,,2001,SAMN06603492,PRJNA379115,"Ebola virus strain Ebola virus/M.fascicularis-wt/GAB/2001/untreated-CCI036D7, complete genome"
KY786019,Ebola virus,GenBank,set:KY786019,SRR5350242,"Guedj,J., Piorkowski,G., Jacquot,F., Madelain,V., Nguyen,T.H.T., Gunther,S., Carbonelle,C., Mentre,F., de Lamballerie,X., Raoul,H.","IAME, UMR 1137, INSERM, Universite Paris Diderot, Sorbonne Paris Cite",France,2018-07-13,,Orthoebolavirus zairense,Orthoebolavirus,Filoviridae,ssRNA(-),18871,complete,,,,Gabon,Gabon,,Macaca fascicularis,,2001,SAMN06603491,PRJNA379115,"Ebola virus strain Ebola virus/M.fascicularis-wt/GAB/2001/untreated-CCI036D5, complete genome"
KY786018,Ebola virus,GenBank,set:KY786018,SRR5350243,"Guedj,J., Piorkowski,G., Jacquot,F., Madelain,V., Nguyen,T.H.T., Gunther,S., Carbonelle,C., Mentre,F., de Lamballerie,X., Raoul,H.","IAME, UMR 1137, INSERM, Universite Paris Diderot, Sorbonne Paris Cite",France,2018-07-13,,Orthoebolavirus zairense,Orthoebolavirus,Filoviridae,ssRNA(-),18871,complete,,,,Gabon,Gabon,,Macaca fascicularis,,2001,SAMN06603490,PRJNA379115,"Ebola virus strain Ebola virus/M.fascicularis-wt/GAB/2001/untreated-CCE006D8, complete genome"
KY786017,Ebola virus,GenBank,set:KY786017,SRR5350244,"Guedj,J., Piorkowski,G., Jacquot,F., Madelain,V., Nguyen,T.H.T., Gunther,S., Carbonelle,C., Mentre,F., de Lamballerie,X., Raoul,H.","IAME, UMR 1137, INSERM, Universite Paris Diderot, Sorbonne Paris Cite",France,2018-07-13,,Orthoebolavirus zairense,Orthoebolavirus,Filoviridae,ssRNA(-),18871,complete,,,,Gabon,Gabon,,Macaca fascicularis,,2001,SAMN06603489,PRJNA379115,"Ebola virus strain Ebola virus/M.fascicularis-wt/GAB/2001/untreated-CCE006D7, complete genome"
KY786016,Ebola virus,GenBank,set:KY786016,SRR5350245,"Guedj,J., Piorkowski,G., Jacquot,F., Madelain,V., Nguyen,T.H.T., Gunther,S., Carbonelle,C., Mentre,F., de Lamballerie,X., Raoul,H.","IAME, UMR 1137, INSERM, Universite Paris Diderot, Sorbonne Paris Cite",France,2018-07-13,,Orthoebolavirus zairense,Orthoebolavirus,Filoviridae,ssRNA(-),18871,complete,,,,Gabon,Gabon,,Macaca fascicularis,,2001,SAMN06603488,PRJNA379115,"Ebola virus strain Ebola virus/M.fascicularis-wt/GAB/2001/untreated-CCE006D5, complete genome"
KY786015,Ebola virus,GenBank,set:KY786015,SRR5350246,"Guedj,J., Piorkowski,G., Jacquot,F., Madelain,V., Nguyen,T.H.T., Gunther,S., Carbonelle,C., Mentre,F., de Lamballerie,X., Raoul,H.","IAME, UMR 1137, INSERM, Universite Paris Diderot, Sorbonne Paris Cite",France,2018-07-13,,Orthoebolavirus zairense,Orthoebolavirus,Filoviridae,ssRNA(-),18871,complete,,,,Gabon,Gabon,,Macaca fascicularis,,2001,SAMN06603487,PRJNA379115,"Ebola virus strain Ebola virus/M.fascicularis-wt/GAB/2001/untreated-CCC076D9, complete genome"
KY786014,Ebola virus,GenBank,set:KY786014,SRR5350247,"Guedj,J., Piorkowski,G., Jacquot,F., Madelain,V., Nguyen,T.H.T., Gunther,S., Carbonelle,C., Mentre,F., de Lamballerie,X., Raoul,H.","IAME, UMR 1137, INSERM, Universite Paris Diderot, Sorbonne Paris Cite",France,2018-07-13,,Orthoebolavirus zairense,Orthoebolavirus,Filoviridae,ssRNA(-),18871,complete,,,,Gabon,Gabon,,Macaca fascicularis,,2001,SAMN06603486,PRJNA379115,"Ebola virus strain Ebola virus/M.fascicularis-wt/GAB/2001/untreated-CCC076D7, complete genome"
KY786013,Ebola virus,GenBank,set:KY786013,SRR5350248,"Guedj,J., Piorkowski,G., Jacquot,F., Madelain,V., Nguyen,T.H.T., Gunther,S., Carbonelle,C., Mentre,F., de Lamballerie,X., Raoul,H.","IAME, UMR 1137, INSERM, Universite Paris Diderot, Sorbonne Paris Cite",France,2018-07-13,,Orthoebolavirus zairense,Orthoebolavirus,Filoviridae,ssRNA(-),18871,complete,,,,Gabon,Gabon,,Macaca fascicularis,,2001,SAMN06603485,PRJNA379115,"Ebola virus strain Ebola virus/M.fascicularis-wt/GAB/2001/untreated-CCC076D5, complete genome"
KY786012,Ebola virus,GenBank,set:KY786012,SRR5350249,"Guedj,J., Piorkowski,G., Jacquot,F., Madelain,V., Nguyen,T.H.T., Gunther,S., Carbonelle,C., Mentre,F., de Lamballerie,X., Raoul,H.","IAME, UMR 1137, INSERM, Universite Paris Diderot, Sorbonne Paris Cite",France,2018-07-13,,Orthoebolavirus zairense,Orthoebolavirus,Filoviridae,ssRNA(-),18871,complete,,,,Gabon,Gabon,,Macaca fascicularis,,2001,SAMN06603484,PRJNA379115,"Ebola virus strain Ebola virus/M.fascicularis-wt/GAB/2001/untreated-CCC076D3, complete genome"
KY786011,Ebola virus,GenBank,set:KY786011,SRR5350250,"Guedj,J., Piorkowski,G., Jacquot,F., Madelain,V., Nguyen,T.H.T., Gunther,S., Carbonelle,C., Mentre,F., de Lamballerie,X., Raoul,H.","IAME, UMR 1137, INSERM, Universite Paris Diderot, Sorbonne Paris Cite",France,2018-07-13,,Orthoebolavirus zairense,Orthoebolavirus,Filoviridae,ssRNA(-),18871,complete,,,,Gabon,Gabon,,Macaca fascicularis,,2001,SAMN06603483,PRJNA379115,"Ebola virus strain Ebola virus/M.fascicularis-wt/GAB/2001/untreated-CCC034D7, complete genome"
KY786010,Ebola virus,GenBank,set:KY786010,SRR5350251,"Guedj,J., Piorkowski,G., Jacquot,F., Madelain,V., Nguyen,T.H.T., Gunther,S., Carbonelle,C., Mentre,F., de Lamballerie,X., Raoul,H.","IAME, UMR 1137, INSERM, Universite Paris Diderot, Sorbonne Paris Cite",France,2018-07-13,,Orthoebolavirus zairense,Orthoebolavirus,Filoviridae,ssRNA(-),18871,complete,,,,Gabon,Gabon,,Macaca fascicularis,,2001,SAMN06603482,PRJNA379115,"Ebola virus strain Ebola virus/M.fascicularis-wt/GAB/2001/untreated-CCC034D5, complete genome"
KY786009,Ebola virus,GenBank,set:KY786009,SRR5350252,"Guedj,J., Piorkowski,G., Jacquot,F., Madelain,V., Nguyen,T.H.T., Gunther,S., Carbonelle,C., Mentre,F., de Lamballerie,X., Raoul,H.","IAME, UMR 1137, INSERM, Universite Paris Diderot, Sorbonne Paris Cite",France,2018-07-13,,Orthoebolavirus zairense,Orthoebolavirus,Filoviridae,ssRNA(-),18871,complete,,,,Gabon,Gabon,,Macaca fascicularis,,2001,SAMN06603481,PRJNA379115,"Ebola virus strain Ebola virus/M.fascicularis-wt/GAB/2001/untreated-CCC034D10, complete genome"
KY786008,Ebola virus,GenBank,set:KY786008,SRR5350253,"Guedj,J., Piorkowski,G., Jacquot,F., Madelain,V., Nguyen,T.H.T., Gunther,S., Carbonelle,C., Mentre,F., de Lamballerie,X., Raoul,H.","IAME, UMR 1137, INSERM, Universite Paris Diderot, Sorbonne Paris Cite",France,2018-07-13,,Orthoebolavirus zairense,Orthoebolavirus,Filoviridae,ssRNA(-),18871,complete,,,,Gabon,Gabon,,Macaca fascicularis,,2001,SAMN06603480,PRJNA379115,"Ebola virus strain Ebola virus/M.fascicularis-wt/GAB/2001/untreated-CCC023D8, complete genome"
KY786007,Ebola virus,GenBank,set:KY786007,SRR5350254,"Guedj,J., Piorkowski,G., Jacquot,F., Madelain,V., Nguyen,T.H.T., Gunther,S., Carbonelle,C., Mentre,F., de Lamballerie,X., Raoul,H.","IAME, UMR 1137, INSERM, Universite Paris Diderot, Sorbonne Paris Cite",France,2018-07-13,,Orthoebolavirus zairense,Orthoebolavirus,Filoviridae,ssRNA(-),18871,complete,,,,Gabon,Gabon,,Macaca fascicularis,,2001,SAMN06603479,PRJNA379115,"Ebola virus strain Ebola virus/M.fascicularis-wt/GAB/2001/untreated-CCC023D7, complete genome"
KY786006,Ebola virus,GenBank,set:KY786006,SRR5350255,"Guedj,J., Piorkowski,G., Jacquot,F., Madelain,V., Nguyen,T.H.T., Gunther,S., Carbonelle,C., Mentre,F., de Lamballerie,X., Raoul,H.","IAME, UMR 1137, INSERM, Universite Paris Diderot, Sorbonne Paris Cite",France,2018-07-13,,Orthoebolavirus zairense,Orthoebolavirus,Filoviridae,ssRNA(-),18871,complete,,,,Gabon,Gabon,,Macaca fascicularis,,2001,SAMN06603478,PRJNA379115,"Ebola virus strain Ebola virus/M.fascicularis-wt/GAB/2001/untreated-CCC023D5, complete genome"
KY786004,Ebola virus,GenBank,set:KY786004,SRR5350257,"Guedj,J., Piorkowski,G., Jacquot,F., Madelain,V., Nguyen,T.H.T., Gunther,S., Carbonelle,C., Mentre,F., de Lamballerie,X., Raoul,H.","IAME, UMR 1137, INSERM, Universite Paris Diderot, Sorbonne Paris Cite",France,2018-07-13,,Orthoebolavirus zairense,Orthoebolavirus,Filoviridae,ssRNA(-),18871,complete,,,,Gabon,Gabon,,Macaca fascicularis,,2001,SAMN06603476,PRJNA379115,"Ebola virus strain Ebola virus/M.fascicularis-wt/GAB/2001/untreated-CCC017D9, complete genome"
KY786003,Ebola virus,GenBank,set:KY786003,SRR5350258,"Guedj,J., Piorkowski,G., Jacquot,F., Madelain,V., Nguyen,T.H.T., Gunther,S., Carbonelle,C., Mentre,F., de Lamballerie,X., Raoul,H.","IAME, UMR 1137, INSERM, Universite Paris Diderot, Sorbonne Paris Cite",France,2018-07-13,,Orthoebolavirus zairense,Orthoebolavirus,Filoviridae,ssRNA(-),18871,complete,,,,Gabon,Gabon,,Macaca fascicularis,,2001,SAMN06603475,PRJNA379115,"Ebola virus strain Ebola virus/M.fascicularis-wt/GAB/2001/untreated-CCC017D7, complete genome"
KY786002,Ebola virus,GenBank,set:KY786002,SRR5350259,"Guedj,J., Piorkowski,G., Jacquot,F., Madelain,V., Nguyen,T.H.T., Gunther,S., Carbonelle,C., Mentre,F., de Lamballerie,X., Raoul,H.","IAME, UMR 1137, INSERM, Universite Paris Diderot, Sorbonne Paris Cite",France,2018-07-13,,Orthoebolavirus zairense,Orthoebolavirus,Filoviridae,ssRNA(-),18871,complete,,,,Gabon,Gabon,,Macaca fascicularis,,2001,SAMN06603474,PRJNA379115,"Ebola virus strain Ebola virus/M.fascicularis-wt/GAB/2001/untreated-CCC017D5, complete genome"
KY786001,Ebola virus,GenBank,set:KY786001,SRR5350260,"Guedj,J., Piorkowski,G., Jacquot,F., Madelain,V., Nguyen,T.H.T., Gunther,S., Carbonelle,C., Mentre,F., de Lamballerie,X., Raoul,H.","IAME, UMR 1137, INSERM, Universite Paris Diderot, Sorbonne Paris Cite",France,2018-07-13,,Orthoebolavirus zairense,Orthoebolavirus,Filoviridae,ssRNA(-),18871,complete,,,,Gabon,Gabon,,Macaca fascicularis,,2001,SAMN06603473,PRJNA379115,"Ebola virus strain Ebola virus/M.fascicularis-wt/GAB/2001/untreated-CCB125D9, complete genome"
KY786000,Ebola virus,GenBank,set:KY786000,SRR5350261,"Guedj,J., Piorkowski,G., Jacquot,F., Madelain,V., Nguyen,T.H.T., Gunther,S., Carbonelle,C., Mentre,F., de Lamballerie,X., Raoul,H.","IAME, UMR 1137, INSERM, Universite Paris Diderot, Sorbonne Paris Cite",France,2018-07-13,,Orthoebolavirus zairense,Orthoebolavirus,Filoviridae,ssRNA(-),18871,complete,,,,Gabon,Gabon,,Macaca fascicularis,,2001,SAMN06603472,PRJNA379115,"Ebola virus strain Ebola virus/M.fascicularis-wt/GAB/2001/untreated-CCB125D7, complete genome"
KY785999,Ebola virus,GenBank,set:KY785999,SRR5350262,"Guedj,J., Piorkowski,G., Jacquot,F., Madelain,V., Nguyen,T.H.T., Gunther,S., Carbonelle,C., Mentre,F., de Lamballerie,X., Raoul,H.","IAME, UMR 1137, INSERM, Universite Paris Diderot, Sorbonne Paris Cite",France,2018-07-13,,Orthoebolavirus zairense,Orthoebolavirus,Filoviridae,ssRNA(-),18871,complete,,,,Gabon,Gabon,,Macaca fascicularis,,2001,SAMN06603471,PRJNA379115,"Ebola virus strain Ebola virus/M.fascicularis-wt/GAB/2001/untreated-CCB125D5, complete genome"
KY785998,Ebola virus,GenBank,set:KY785998,SRR5350263,"Guedj,J., Piorkowski,G., Jacquot,F., Madelain,V., Nguyen,T.H.T., Gunther,S., Carbonelle,C., Mentre,F., de Lamballerie,X., Raoul,H.","IAME, UMR 1137, INSERM, Universite Paris Diderot, Sorbonne Paris Cite",France,2018-07-13,,Orthoebolavirus zairense,Orthoebolavirus,Filoviridae,ssRNA(-),18871,complete,,,,Gabon,Gabon,,Macaca fascicularis,,2001,SAMN06603470,PRJNA379115,"Ebola virus strain Ebola virus/M.fascicularis-wt/GAB/2001/untreated-CCB120D7, complete genome"
KY785997,Ebola virus,GenBank,set:KY785997,SRR5350264,"Guedj,J., Piorkowski,G., Jacquot,F., Madelain,V., Nguyen,T.H.T., Gunther,S., Carbonelle,C., Mentre,F., de Lamballerie,X., Raoul,H.","IAME, UMR 1137, INSERM, Universite Paris Diderot, Sorbonne Paris Cite",France,2018-07-13,,Orthoebolavirus zairense,Orthoebolavirus,Filoviridae,ssRNA(-),18871,complete,,,,Gabon,Gabon,,Macaca fascicularis,,2001,SAMN06603469,PRJNA379115,"Ebola virus strain Ebola virus/M.fascicularis-wt/GAB/2001/untreated-CCB120D5, complete genome"
KY785996,Ebola virus,GenBank,set:KY785996,SRR5350265,"Guedj,J., Piorkowski,G., Jacquot,F., Madelain,V., Nguyen,T.H.T., Gunther,S., Carbonelle,C., Mentre,F., de Lamballerie,X., Raoul,H.","IAME, UMR 1137, INSERM, Universite Paris Diderot, Sorbonne Paris Cite",France,2018-07-13,,Orthoebolavirus zairense,Orthoebolavirus,Filoviridae,ssRNA(-),18871,complete,,,,Gabon,Gabon,,Macaca fascicularis,,2001,SAMN06603468,PRJNA379115,"Ebola virus strain Ebola virus/M.fascicularis-wt/GAB/2001/untreated-CB979D9, complete genome"
KY785995,Ebola virus,GenBank,set:KY785995,SRR5350266,"Guedj,J., Piorkowski,G., Jacquot,F., Madelain,V., Nguyen,T.H.T., Gunther,S., Carbonelle,C., Mentre,F., de Lamballerie,X., Raoul,H.","IAME, UMR 1137, INSERM, Universite Paris Diderot, Sorbonne Paris Cite",France,2018-07-13,,Orthoebolavirus zairense,Orthoebolavirus,Filoviridae,ssRNA(-),18871,complete,,,,Gabon,Gabon,,Macaca fascicularis,,2001,SAMN06603467,PRJNA379115,"Ebola virus strain Ebola virus/M.fascicularis-wt/GAB/2001/untreated-CB979D7, complete genome"
KY785994,Ebola virus,GenBank,set:KY785994,SRR5350267,"Guedj,J., Piorkowski,G., Jacquot,F., Madelain,V., Nguyen,T.H.T., Gunther,S., Carbonelle,C., Mentre,F., de Lamballerie,X., Raoul,H.","IAME, UMR 1137, INSERM, Universite Paris Diderot, Sorbonne Paris Cite",France,2018-07-13,,Orthoebolavirus zairense,Orthoebolavirus,Filoviridae,ssRNA(-),18871,complete,,,,Gabon,Gabon,,Macaca fascicularis,,2001,SAMN06603466,PRJNA379115,"Ebola virus strain Ebola virus/M.fascicularis-wt/GAB/2001/untreated-CB979D5, complete genome"
KY785993,Ebola virus,GenBank,set:KY785993,SRR5350268,"Guedj,J., Piorkowski,G., Jacquot,F., Madelain,V., Nguyen,T.H.T., Gunther,S., Carbonelle,C., Mentre,F., de Lamballerie,X., Raoul,H.","IAME, UMR 1137, INSERM, Universite Paris Diderot, Sorbonne Paris Cite",France,2018-07-13,,Orthoebolavirus zairense,Orthoebolavirus,Filoviridae,ssRNA(-),18871,complete,,,,Gabon,Gabon,,Macaca fascicularis,,2001,SAMN06603465,PRJNA379115,"Ebola virus strain Ebola virus/M.fascicularis-wt/GAB/2001/untreated-CB819D8, complete genome"
KY785992,Ebola virus,GenBank,set:KY785992,SRR5350269,"Guedj,J., Piorkowski,G., Jacquot,F., Madelain,V., Nguyen,T.H.T., Gunther,S., Carbonelle,C., Mentre,F., de Lamballerie,X., Raoul,H.","IAME, UMR 1137, INSERM, Universite Paris Diderot, Sorbonne Paris Cite",France,2018-07-13,,Orthoebolavirus zairense,Orthoebolavirus,Filoviridae,ssRNA(-),18871,complete,,,,Gabon,Gabon,,Macaca fascicularis,,2001,SAMN06603464,PRJNA379115,"Ebola virus strain Ebola virus/M.fascicularis-wt/GAB/2001/untreated-CB819D7, complete genome"
KY785991,Ebola virus,GenBank,set:KY785991,SRR5350270,"Guedj,J., Piorkowski,G., Jacquot,F., Madelain,V., Nguyen,T.H.T., Gunther,S., Carbonelle,C., Mentre,F., de Lamballerie,X., Raoul,H.","IAME, UMR 1137, INSERM, Universite Paris Diderot, Sorbonne Paris Cite",France,2018-07-13,,Orthoebolavirus zairense,Orthoebolavirus,Filoviridae,ssRNA(-),18871,complete,,,,Gabon,Gabon,,Macaca fascicularis,,2001,SAMN06603463,PRJNA379115,"Ebola virus strain Ebola virus/M.fascicularis-wt/GAB/2001/untreated-CB819D5, complete genome"
KY785990,Ebola virus,GenBank,set:KY785990,SRR5350271,"Guedj,J., Piorkowski,G., Jacquot,F., Madelain,V., Nguyen,T.H.T., Gunther,S., Carbonelle,C., Mentre,F., de Lamballerie,X., Raoul,H.","IAME, UMR 1137, INSERM, Universite Paris Diderot, Sorbonne Paris Cite",France,2018-07-13,,Orthoebolavirus zairense,Orthoebolavirus,Filoviridae,ssRNA(-),18871,complete,,,,Gabon,Gabon,,Macaca fascicularis,,2001,SAMN06603462,PRJNA379115,"Ebola virus strain Ebola virus/M.fascicularis-wt/GAB/2001/untreated-BB341D9, complete genome"
KY785989,Ebola virus,GenBank,set:KY785989,SRR5350272,"Guedj,J., Piorkowski,G., Jacquot,F., Madelain,V., Nguyen,T.H.T., Gunther,S., Carbonelle,C., Mentre,F., de Lamballerie,X., Raoul,H.","IAME, UMR 1137, INSERM, Universite Paris Diderot, Sorbonne Paris Cite",France,2018-07-13,,Orthoebolavirus zairense,Orthoebolavirus,Filoviridae,ssRNA(-),18871,complete,,,,Gabon,Gabon,,Macaca fascicularis,,2001,SAMN06603461,PRJNA379115,"Ebola virus strain Ebola virus/M.fascicularis-wt/GAB/2001/untreated-BB341D7, complete genome"
KY785988,Ebola virus,GenBank,set:KY785988,SRR5350273,"Guedj,J., Piorkowski,G., Jacquot,F., Madelain,V., Nguyen,T.H.T., Gunther,S., Carbonelle,C., Mentre,F., de Lamballerie,X., Raoul,H.","IAME, UMR 1137, INSERM, Universite Paris Diderot, Sorbonne Paris Cite",France,2018-07-13,,Orthoebolavirus zairense,Orthoebolavirus,Filoviridae,ssRNA(-),18871,complete,,,,Gabon,Gabon,,Macaca fascicularis,,2001,SAMN06603460,PRJNA379115,"Ebola virus strain Ebola virus/M.fascicularis-wt/GAB/2001/untreated-BB341D5, complete genome"
KY785987,Ebola virus,GenBank,set:KY785987,SRR5350274,"Guedj,J., Piorkowski,G., Jacquot,F., Madelain,V., Nguyen,T.H.T., Gunther,S., Carbonelle,C., Mentre,F., de Lamballerie,X., Raoul,H.","IAME, UMR 1137, INSERM, Universite Paris Diderot, Sorbonne Paris Cite",France,2018-07-13,,Orthoebolavirus zairense,Orthoebolavirus,Filoviridae,ssRNA(-),18871,complete,,,,Gabon,Gabon,,Macaca fascicularis,,2001,SAMN06603459,PRJNA379115,"Ebola virus strain Ebola virus/M.fascicularis-wt/GAB/2001/180mg-CCD029D7, complete genome"
KY785986,Ebola virus,GenBank,set:KY785986,SRR5350275,"Guedj,J., Piorkowski,G., Jacquot,F., Madelain,V., Nguyen,T.H.T., Gunther,S., Carbonelle,C., Mentre,F., de Lamballerie,X., Raoul,H.","IAME, UMR 1137, INSERM, Universite Paris Diderot, Sorbonne Paris Cite",France,2018-07-13,,Orthoebolavirus zairense,Orthoebolavirus,Filoviridae,ssRNA(-),18871,complete,,,,Gabon,Gabon,,Macaca fascicularis,,2001,SAMN06603458,PRJNA379115,"Ebola virus strain Ebola virus/M.fascicularis-wt/GAB/2001/180mg-CCD029D17, complete genome"
KY785985,Ebola virus,GenBank,set:KY785985,SRR5350276,"Guedj,J., Piorkowski,G., Jacquot,F., Madelain,V., Nguyen,T.H.T., Gunther,S., Carbonelle,C., Mentre,F., de Lamballerie,X., Raoul,H.","IAME, UMR 1137, INSERM, Universite Paris Diderot, Sorbonne Paris Cite",France,2018-07-13,,Orthoebolavirus zairense,Orthoebolavirus,Filoviridae,ssRNA(-),18871,complete,,,,Gabon,Gabon,,Macaca fascicularis,,2001,SAMN06603457,PRJNA379115,"Ebola virus strain Ebola virus/M.fascicularis-wt/GAB/2001/180mg-CCD029D14, complete genome"
KY785984,Ebola virus,GenBank,set:KY785984,SRR5350277,"Guedj,J., Piorkowski,G., Jacquot,F., Madelain,V., Nguyen,T.H.T., Gunther,S., Carbonelle,C., Mentre,F., de Lamballerie,X., Raoul,H.","IAME, UMR 1137, INSERM, Universite Paris Diderot, Sorbonne Paris Cite",France,2018-07-13,,Orthoebolavirus zairense,Orthoebolavirus,Filoviridae,ssRNA(-),18871,complete,,,,Gabon,Gabon,,Macaca fascicularis,,2001,SAMN06603456,PRJNA379115,"Ebola virus strain Ebola virus/M.fascicularis-wt/GAB/2001/180mg-CCD029D12, complete genome"
KY785983,Ebola virus,GenBank,set:KY785983,SRR5350278,"Guedj,J., Piorkowski,G., Jacquot,F., Madelain,V., Nguyen,T.H.T., Gunther,S., Carbonelle,C., Mentre,F., de Lamballerie,X., Raoul,H.","IAME, UMR 1137, INSERM, Universite Paris Diderot, Sorbonne Paris Cite",France,2018-07-13,,Orthoebolavirus zairense,Orthoebolavirus,Filoviridae,ssRNA(-),18871,complete,,,,Gabon,Gabon,,Macaca fascicularis,,2001,SAMN06603455,PRJNA379115,"Ebola virus strain Ebola virus/M.fascicularis-wt/GAB/2001/180mg-CCD029D10, complete genome"
KY785982,Ebola virus,GenBank,set:KY785982,SRR5350279,"Guedj,J., Piorkowski,G., Jacquot,F., Madelain,V., Nguyen,T.H.T., Gunther,S., Carbonelle,C., Mentre,F., de Lamballerie,X., Raoul,H.","IAME, UMR 1137, INSERM, Universite Paris Diderot, Sorbonne Paris Cite",France,2018-07-13,,Orthoebolavirus zairense,Orthoebolavirus,Filoviridae,ssRNA(-),18871,complete,,,,Gabon,Gabon,,Macaca fascicularis,,2001,SAMN06603454,PRJNA379115,"Ebola virus strain Ebola virus/M.fascicularis-wt/GAB/2001/180mg-CCD007D5, complete genome"
KY785981,Ebola virus,GenBank,set:KY785981,SRR5350280,"Guedj,J., Piorkowski,G., Jacquot,F., Madelain,V., Nguyen,T.H.T., Gunther,S., Carbonelle,C., Mentre,F., de Lamballerie,X., Raoul,H.","IAME, UMR 1137, INSERM, Universite Paris Diderot, Sorbonne Paris Cite",France,2018-07-13,,Orthoebolavirus zairense,Orthoebolavirus,Filoviridae,ssRNA(-),18871,complete,,,,Gabon,Gabon,,Macaca fascicularis,,2001,SAMN06603453,PRJNA379115,"Ebola virus strain Ebola virus/M.fascicularis-wt/GAB/2001/180mg-CCD007D21, complete genome"
KY785980,Ebola virus,GenBank,set:KY785980,SRR5350281,"Guedj,J., Piorkowski,G., Jacquot,F., Madelain,V., Nguyen,T.H.T., Gunther,S., Carbonelle,C., Mentre,F., de Lamballerie,X., Raoul,H.","IAME, UMR 1137, INSERM, Universite Paris Diderot, Sorbonne Paris Cite",France,2018-07-13,,Orthoebolavirus zairense,Orthoebolavirus,Filoviridae,ssRNA(-),18871,complete,,,,Gabon,Gabon,,Macaca fascicularis,,2001,SAMN06603452,PRJNA379115,"Ebola virus strain Ebola virus/M.fascicularis-wt/GAB/2001/180mg-CCD007D17, complete genome"
KY785979,Ebola virus,GenBank,set:KY785979,SRR5350282,"Guedj,J., Piorkowski,G., Jacquot,F., Madelain,V., Nguyen,T.H.T., Gunther,S., Carbonelle,C., Mentre,F., de Lamballerie,X., Raoul,H.","IAME, UMR 1137, INSERM, Universite Paris Diderot, Sorbonne Paris Cite",France,2018-07-13,,Orthoebolavirus zairense,Orthoebolavirus,Filoviridae,ssRNA(-),18871,complete,,,,Gabon,Gabon,,Macaca fascicularis,,2001,SAMN06603451,PRJNA379115,"Ebola virus strain Ebola virus/M.fascicularis-wt/GAB/2001/180mg-CCD007D7, complete genome"
KY785978,Ebola virus,GenBank,set:KY785978,SRR5350283,"Guedj,J., Piorkowski,G., Jacquot,F., Madelain,V., Nguyen,T.H.T., Gunther,S., Carbonelle,C., Mentre,F., de Lamballerie,X., Raoul,H.","IAME, UMR 1137, INSERM, Universite Paris Diderot, Sorbonne Paris Cite",France,2018-07-13,,Orthoebolavirus zairense,Orthoebolavirus,Filoviridae,ssRNA(-),18871,complete,,,,Gabon,Gabon,,Macaca fascicularis,,2001,SAMN06603450,PRJNA379115,"Ebola virus strain Ebola virus/M.fascicularis-wt/GAB/2001/180mg-CCD007D12, complete genome"
KY785977,Ebola virus,GenBank,set:KY785977,SRR5350284,"Guedj,J., Piorkowski,G., Jacquot,F., Madelain,V., Nguyen,T.H.T., Gunther,S., Carbonelle,C., Mentre,F., de Lamballerie,X., Raoul,H.","IAME, UMR 1137, INSERM, Universite Paris Diderot, Sorbonne Paris Cite",France,2018-07-13,,Orthoebolavirus zairense,Orthoebolavirus,Filoviridae,ssRNA(-),18871,complete,,,,Gabon,Gabon,,Macaca fascicularis,,2001,SAMN06603449,PRJNA379115,"Ebola virus strain Ebola virus/M.fascicularis-wt/GAB/2001/180mg-CCD007D10, complete genome"
KY785976,Ebola virus,GenBank,set:KY785976,SRR5350285,"Guedj,J., Piorkowski,G., Jacquot,F., Madelain,V., Nguyen,T.H.T., Gunther,S., Carbonelle,C., Mentre,F., de Lamballerie,X., Raoul,H.","IAME, UMR 1137, INSERM, Universite Paris Diderot, Sorbonne Paris Cite",France,2018-07-13,,Orthoebolavirus zairense,Orthoebolavirus,Filoviridae,ssRNA(-),18871,complete,,,,Gabon,Gabon,,Macaca fascicularis,,2001,SAMN06603448,PRJNA379115,"Ebola virus strain Ebola virus/M.fascicularis-wt/GAB/2001/180mg-CCC027D7, complete genome"
KY785975,Ebola virus,GenBank,set:KY785975,SRR5350286,"Guedj,J., Piorkowski,G., Jacquot,F., Madelain,V., Nguyen,T.H.T., Gunther,S., Carbonelle,C., Mentre,F., de Lamballerie,X., Raoul,H.","IAME, UMR 1137, INSERM, Universite Paris Diderot, Sorbonne Paris Cite",France,2018-07-13,,Orthoebolavirus zairense,Orthoebolavirus,Filoviridae,ssRNA(-),18871,complete,,,,Gabon,Gabon,,Macaca fascicularis,,2001,SAMN06603447,PRJNA379115,"Ebola virus strain Ebola virus/M.fascicularis-wt/GAB/2001/180mg-CCC027D5, complete genome"
KY785974,Ebola virus,GenBank,set:KY785974,SRR5350287,"Guedj,J., Piorkowski,G., Jacquot,F., Madelain,V., Nguyen,T.H.T., Gunther,S., Carbonelle,C., Mentre,F., de Lamballerie,X., Raoul,H.","IAME, UMR 1137, INSERM, Universite Paris Diderot, Sorbonne Paris Cite",France,2018-07-13,,Orthoebolavirus zairense,Orthoebolavirus,Filoviridae,ssRNA(-),18871,complete,,,,Gabon,Gabon,,Macaca fascicularis,,2001,SAMN06603446,PRJNA379115,"Ebola virus strain Ebola virus/M.fascicularis-wt/GAB/2001/180mg-CCC027D14, complete genome"
KY785972,Ebola virus,GenBank,set:KY785972,SRR5350288,"Guedj,J., Piorkowski,G., Jacquot,F., Madelain,V., Nguyen,T.H.T., Gunther,S., Carbonelle,C., Mentre,F., de Lamballerie,X., Raoul,H.","IAME, UMR 1137, INSERM, Universite Paris Diderot, Sorbonne Paris Cite",France,2018-07-13,,Orthoebolavirus zairense,Orthoebolavirus,Filoviridae,ssRNA(-),18871,complete,,,,Gabon,Gabon,,Macaca fascicularis,,2001,SAMN06603445,PRJNA379115,"Ebola virus strain Ebola virus/M.fascicularis-wt/GAB/2001/180mg-CCC027D10, complete genome"
KY785973,Ebola virus,GenBank,set:KY785973,SRR5350289,"Guedj,J., Piorkowski,G., Jacquot,F., Madelain,V., Nguyen,T.H.T., Gunther,S., Carbonelle,C., Mentre,F., de Lamballerie,X., Raoul,H.","IAME, UMR 1137, INSERM, Universite Paris Diderot, Sorbonne Paris Cite",France,2018-07-13,,Orthoebolavirus zairense,Orthoebolavirus,Filoviridae,ssRNA(-),18871,complete,,,,Gabon,Gabon,,Macaca fascicularis,,2001,SAMN06603444,PRJNA379115,"Ebola virus strain Ebola virus/M.fascicularis-wt/GAB/2001/180mg-CCC027D12, complete genome"
KY785971,Ebola virus,GenBank,set:KY785971,SRR5350290,"Guedj,J., Piorkowski,G., Jacquot,F., Madelain,V., Nguyen,T.H.T., Gunther,S., Carbonelle,C., Mentre,F., de Lamballerie,X., Raoul,H.","IAME, UMR 1137, INSERM, Universite Paris Diderot, Sorbonne Paris Cite",France,2018-07-13,,Orthoebolavirus zairense,Orthoebolavirus,Filoviridae,ssRNA(-),18871,complete,,,,Gabon,Gabon,,Macaca fascicularis,,2001,SAMN06603443,PRJNA379115,"Ebola virus strain Ebola virus/M.fascicularis-wt/GAB/2001/180mg-CBD021D7, complete genome"
KY785970,Ebola virus,GenBank,set:KY785970,SRR5350291,"Guedj,J., Piorkowski,G., Jacquot,F., Madelain,V., Nguyen,T.H.T., Gunther,S., Carbonelle,C., Mentre,F., de Lamballerie,X., Raoul,H.","IAME, UMR 1137, INSERM, Universite Paris Diderot, Sorbonne Paris Cite",France,2018-07-13,,Orthoebolavirus zairense,Orthoebolavirus,Filoviridae,ssRNA(-),18871,complete,,,,Gabon,Gabon,,Macaca fascicularis,,2001,SAMN06603442,PRJNA379115,"Ebola virus strain Ebola virus/M.fascicularis-wt/GAB/2001/180mg-CBD021D5, complete genome"
KY785969,Ebola virus,GenBank,set:KY785969,SRR5350292,"Guedj,J., Piorkowski,G., Jacquot,F., Madelain,V., Nguyen,T.H.T., Gunther,S., Carbonelle,C., Mentre,F., de Lamballerie,X., Raoul,H.","IAME, UMR 1137, INSERM, Universite Paris Diderot, Sorbonne Paris Cite",France,2018-07-13,,Orthoebolavirus zairense,Orthoebolavirus,Filoviridae,ssRNA(-),18871,complete,,,,Gabon,Gabon,,Macaca fascicularis,,2001,SAMN06603441,PRJNA379115,"Ebola virus strain Ebola virus/M.fascicularis-wt/GAB/2001/180mg-CBD021D12, complete genome"
KY785968,Ebola virus,GenBank,set:KY785968,SRR5350293,"Guedj,J., Piorkowski,G., Jacquot,F., Madelain,V., Nguyen,T.H.T., Gunther,S., Carbonelle,C., Mentre,F., de Lamballerie,X., Raoul,H.","IAME, UMR 1137, INSERM, Universite Paris Diderot, Sorbonne Paris Cite",France,2018-07-13,,Orthoebolavirus zairense,Orthoebolavirus,Filoviridae,ssRNA(-),18871,complete,,,,Gabon,Gabon,,Macaca fascicularis,,2001,SAMN06603440,PRJNA379115,"Ebola virus strain Ebola virus/M.fascicularis-wt/GAB/2001/180mg-CBD021D10, complete genome"
KY785967,Ebola virus,GenBank,set:KY785967,SRR5350294,"Guedj,J., Piorkowski,G., Jacquot,F., Madelain,V., Nguyen,T.H.T., Gunther,S., Carbonelle,C., Mentre,F., de Lamballerie,X., Raoul,H.","IAME, UMR 1137, INSERM, Universite Paris Diderot, Sorbonne Paris Cite",France,2018-07-13,,Orthoebolavirus zairense,Orthoebolavirus,Filoviridae,ssRNA(-),18871,complete,,,,Gabon,Gabon,,Macaca fascicularis,,2001,SAMN06603439,PRJNA379115,"Ebola virus strain Ebola virus/M.fascicularis-wt/GAB/2001/180mg-CAK013D7, complete genome"
KY785966,Ebola virus,GenBank,set:KY785966,SRR5350295,"Guedj,J., Piorkowski,G., Jacquot,F., Madelain,V., Nguyen,T.H.T., Gunther,S., Carbonelle,C., Mentre,F., de Lamballerie,X., Raoul,H.","IAME, UMR 1137, INSERM, Universite Paris Diderot, Sorbonne Paris Cite",France,2018-07-13,,Orthoebolavirus zairense,Orthoebolavirus,Filoviridae,ssRNA(-),18871,complete,,,,Gabon,Gabon,,Macaca fascicularis,,2001,SAMN06603438,PRJNA379115,"Ebola virus strain Ebola virus/M.fascicularis-wt/GAB/2001/180mg-CAK013D5, complete genome"
KY785965,Ebola virus,GenBank,set:KY785965,SRR5350296,"Guedj,J., Piorkowski,G., Jacquot,F., Madelain,V., Nguyen,T.H.T., Gunther,S., Carbonelle,C., Mentre,F., de Lamballerie,X., Raoul,H.","IAME, UMR 1137, INSERM, Universite Paris Diderot, Sorbonne Paris Cite",France,2018-07-13,,Orthoebolavirus zairense,Orthoebolavirus,Filoviridae,ssRNA(-),18871,complete,,,,Gabon,Gabon,,Macaca fascicularis,,2001,SAMN06603437,PRJNA379115,"Ebola virus strain Ebola virus/M.fascicularis-wt/GAB/2001/180mg-CAK013D3, complete genome"
KY785964,Ebola virus,GenBank,set:KY785964,SRR5350297,"Guedj,J., Piorkowski,G., Jacquot,F., Madelain,V., Nguyen,T.H.T., Gunther,S., Carbonelle,C., Mentre,F., de Lamballerie,X., Raoul,H.","IAME, UMR 1137, INSERM, Universite Paris Diderot, Sorbonne Paris Cite",France,2018-07-13,,Orthoebolavirus zairense,Orthoebolavirus,Filoviridae,ssRNA(-),18871,complete,,,,Gabon,Gabon,,Macaca fascicularis,,2001,SAMN06603436,PRJNA379115,"Ebola virus strain Ebola virus/M.fascicularis-wt/GAB/2001/180mg-CAK013D11, complete genome"
KY785963,Ebola virus,GenBank,set:KY785963,SRR5350298,"Guedj,J., Piorkowski,G., Jacquot,F., Madelain,V., Nguyen,T.H.T., Gunther,S., Carbonelle,C., Mentre,F., de Lamballerie,X., Raoul,H.","IAME, UMR 1137, INSERM, Universite Paris Diderot, Sorbonne Paris Cite",France,2018-07-13,,Orthoebolavirus zairense,Orthoebolavirus,Filoviridae,ssRNA(-),18871,complete,,,,Gabon,Gabon,,Macaca fascicularis,,2001,SAMN06603435,PRJNA379115,"Ebola virus strain Ebola virus/M.fascicularis-wt/GAB/2001/180mg-CAK013D10, complete genome"
KY785962,Ebola virus,GenBank,set:KY785962,SRR5350299,"Guedj,J., Piorkowski,G., Jacquot,F., Madelain,V., Nguyen,T.H.T., Gunther,S., Carbonelle,C., Mentre,F., de Lamballerie,X., Raoul,H.","IAME, UMR 1137, INSERM, Universite Paris Diderot, Sorbonne Paris Cite",France,2018-07-13,,Orthoebolavirus zairense,Orthoebolavirus,Filoviridae,ssRNA(-),18871,complete,,,,Gabon,Gabon,,Macaca fascicularis,,2001,SAMN06603434,PRJNA379115,"Ebola virus strain Ebola virus/M.fascicularis-wt/GAB/2001/150mg-CCC073D7, complete genome"
KY785961,Ebola virus,GenBank,set:KY785961,SRR5350300,"Guedj,J., Piorkowski,G., Jacquot,F., Madelain,V., Nguyen,T.H.T., Gunther,S., Carbonelle,C., Mentre,F., de Lamballerie,X., Raoul,H.","IAME, UMR 1137, INSERM, Universite Paris Diderot, Sorbonne Paris Cite",France,2018-07-13,,Orthoebolavirus zairense,Orthoebolavirus,Filoviridae,ssRNA(-),18871,complete,,,,Gabon,Gabon,,Macaca fascicularis,,2001,SAMN06603433,PRJNA379115,"Ebola virus strain Ebola virus/M.fascicularis-wt/GAB/2001/150mg-CCC073D5, complete genome"
KY785960,Ebola virus,GenBank,set:KY785960,SRR5350301,"Guedj,J., Piorkowski,G., Jacquot,F., Madelain,V., Nguyen,T.H.T., Gunther,S., Carbonelle,C., Mentre,F., de Lamballerie,X., Raoul,H.","IAME, UMR 1137, INSERM, Universite Paris Diderot, Sorbonne Paris Cite",France,2018-07-13,,Orthoebolavirus zairense,Orthoebolavirus,Filoviridae,ssRNA(-),18871,complete,,,,Gabon,Gabon,,Macaca fascicularis,,2001,SAMN06603432,PRJNA379115,"Ebola virus strain Ebola virus/M.fascicularis-wt/GAB/2001/150mg-CCC073D11, complete genome"
KY785959,Ebola virus,GenBank,set:KY785959,SRR5350302,"Guedj,J., Piorkowski,G., Jacquot,F., Madelain,V., Nguyen,T.H.T., Gunther,S., Carbonelle,C., Mentre,F., de Lamballerie,X., Raoul,H.","IAME, UMR 1137, INSERM, Universite Paris Diderot, Sorbonne Paris Cite",France,2018-07-13,,Orthoebolavirus zairense,Orthoebolavirus,Filoviridae,ssRNA(-),18871,complete,,,,Gabon,Gabon,,Macaca fascicularis,,2001,SAMN06603431,PRJNA379115,"Ebola virus strain Ebola virus/M.fascicularis-wt/GAB/2001/150mg-CCC073D10, complete genome"
KY785958,Ebola virus,GenBank,set:KY785958,SRR5350303,"Guedj,J., Piorkowski,G., Jacquot,F., Madelain,V., Nguyen,T.H.T., Gunther,S., Carbonelle,C., Mentre,F., de Lamballerie,X., Raoul,H.","IAME, UMR 1137, INSERM, Universite Paris Diderot, Sorbonne Paris Cite",France,2018-07-13,,Orthoebolavirus zairense,Orthoebolavirus,Filoviridae,ssRNA(-),18871,complete,,,,Gabon,Gabon,,Macaca fascicularis,,2001,SAMN06603430,PRJNA379115,"Ebola virus strain Ebola virus/M.fascicularis-wt/GAB/2001/150mg-CCC026D7, complete genome"
KY785957,Ebola virus,GenBank,set:KY785957,SRR5350304,"Guedj,J., Piorkowski,G., Jacquot,F., Madelain,V., Nguyen,T.H.T., Gunther,S., Carbonelle,C., Mentre,F., de Lamballerie,X., Raoul,H.","IAME, UMR 1137, INSERM, Universite Paris Diderot, Sorbonne Paris Cite",France,2018-07-13,,Orthoebolavirus zairense,Orthoebolavirus,Filoviridae,ssRNA(-),18871,complete,,,,Gabon,Gabon,,Macaca fascicularis,,2001,SAMN06603429,PRJNA379115,"Ebola virus strain Ebola virus/M.fascicularis-wt/GAB/2001/150mg-CCC026D5, complete genome"
KY785956,Ebola virus,GenBank,set:KY785956,SRR5350305,"Guedj,J., Piorkowski,G., Jacquot,F., Madelain,V., Nguyen,T.H.T., Gunther,S., Carbonelle,C., Mentre,F., de Lamballerie,X., Raoul,H.","IAME, UMR 1137, INSERM, Universite Paris Diderot, Sorbonne Paris Cite",France,2018-07-13,,Orthoebolavirus zairense,Orthoebolavirus,Filoviridae,ssRNA(-),18871,complete,,,,Gabon,Gabon,,Macaca fascicularis,,2001,SAMN06603428,PRJNA379115,"Ebola virus strain Ebola virus/M.fascicularis-wt/GAB/2001/150mg-CCC026D10, complete genome"
KY785951,Ebola virus,GenBank,set:KY785951,SRR5350306,"Guedj,J., Piorkowski,G., Jacquot,F., Madelain,V., Nguyen,T.H.T., Gunther,S., Carbonelle,C., Mentre,F., de Lamballerie,X., Raoul,H.","IAME, UMR 1137, INSERM, Universite Paris Diderot, Sorbonne Paris Cite",France,2018-07-13,,Orthoebolavirus zairense,Orthoebolavirus,Filoviridae,ssRNA(-),18871,complete,,,,Gabon,Gabon,,Macaca fascicularis,,2001,SAMN06603427,PRJNA379115,"Ebola virus strain Ebola virus/M.fascicularis-wt/GAB/2001/150mg-CBK018D12, complete genome"
KY786005,Ebola virus,GenBank,set:KY786005,SRR5350306,"Guedj,J., Piorkowski,G., Jacquot,F., Madelain,V., Nguyen,T.H.T., Gunther,S., Carbonelle,C., Mentre,F., de Lamballerie,X., Raoul,H.","IAME, UMR 1137, INSERM, Universite Paris Diderot, Sorbonne Paris Cite",France,2018-07-13,,Orthoebolavirus zairense,Orthoebolavirus,Filoviridae,ssRNA(-),18871,complete,,,,Gabon,Gabon,,Macaca fascicularis,,2001,SAMN06603427,PRJNA379115,"Ebola virus strain Ebola virus/M.fascicularis-wt/GAB/2001/untreated-CCC023D3, complete genome"
KY785955,Ebola virus,GenBank,set:KY785955,SRR5350307,"Guedj,J., Piorkowski,G., Jacquot,F., Madelain,V., Nguyen,T.H.T., Gunther,S., Carbonelle,C., Mentre,F., de Lamballerie,X., Raoul,H.","IAME, UMR 1137, INSERM, Universite Paris Diderot, Sorbonne Paris Cite",France,2018-07-13,,Orthoebolavirus zairense,Orthoebolavirus,Filoviridae,ssRNA(-),18871,complete,,,,Gabon,Gabon,,Macaca fascicularis,,2001,SAMN06603426,PRJNA379115,"Ebola virus strain Ebola virus/M.fascicularis-wt/GAB/2001/150mg-CCC003D5, complete genome"
KY785954,Ebola virus,GenBank,set:KY785954,SRR5350308,"Guedj,J., Piorkowski,G., Jacquot,F., Madelain,V., Nguyen,T.H.T., Gunther,S., Carbonelle,C., Mentre,F., de Lamballerie,X., Raoul,H.","IAME, UMR 1137, INSERM, Universite Paris Diderot, Sorbonne Paris Cite",France,2018-07-13,,Orthoebolavirus zairense,Orthoebolavirus,Filoviridae,ssRNA(-),18871,complete,,,,Gabon,Gabon,,Macaca fascicularis,,2001,SAMN06603425,PRJNA379115,"Ebola virus strain Ebola virus/M.fascicularis-wt/GAB/2001/150mg-CCC003D12, complete genome"
KY785953,Ebola virus,GenBank,set:KY785953,SRR5350309,"Guedj,J., Piorkowski,G., Jacquot,F., Madelain,V., Nguyen,T.H.T., Gunther,S., Carbonelle,C., Mentre,F., de Lamballerie,X., Raoul,H.","IAME, UMR 1137, INSERM, Universite Paris Diderot, Sorbonne Paris Cite",France,2018-07-13,,Orthoebolavirus zairense,Orthoebolavirus,Filoviridae,ssRNA(-),18871,complete,,,,Gabon,Gabon,,Macaca fascicularis,,2001,SAMN06603424,PRJNA379115,"Ebola virus strain Ebola virus/M.fascicularis-wt/GAB/2001/150mg-CBK018D7, complete genome"
KY785952,Ebola virus,GenBank,set:KY785952,SRR5350310,"Guedj,J., Piorkowski,G., Jacquot,F., Madelain,V., Nguyen,T.H.T., Gunther,S., Carbonelle,C., Mentre,F., de Lamballerie,X., Raoul,H.","IAME, UMR 1137, INSERM, Universite Paris Diderot, Sorbonne Paris Cite",France,2018-07-13,,Orthoebolavirus zairense,Orthoebolavirus,Filoviridae,ssRNA(-),18871,complete,,,,Gabon,Gabon,,Macaca fascicularis,,2001,SAMN06603423,PRJNA379115,"Ebola virus strain Ebola virus/M.fascicularis-wt/GAB/2001/150mg-CBK018D5, complete genome"
KY785950,Ebola virus,GenBank,set:KY785950,SRR5350311,"Guedj,J., Piorkowski,G., Jacquot,F., Madelain,V., Nguyen,T.H.T., Gunther,S., Carbonelle,C., Mentre,F., de Lamballerie,X., Raoul,H.","IAME, UMR 1137, INSERM, Universite Paris Diderot, Sorbonne Paris Cite",France,2018-07-13,,Orthoebolavirus zairense,Orthoebolavirus,Filoviridae,ssRNA(-),18871,complete,,,,Gabon,Gabon,,Macaca fascicularis,,2001,SAMN06603422,PRJNA379115,"Ebola virus strain Ebola virus/M.fascicularis-wt/GAB/2001/150mg-CBK018D10, complete genome"
KY785949,Ebola virus,GenBank,set:KY785949,SRR5350312,"Guedj,J., Piorkowski,G., Jacquot,F., Madelain,V., Nguyen,T.H.T., Gunther,S., Carbonelle,C., Mentre,F., de Lamballerie,X., Raoul,H.","IAME, UMR 1137, INSERM, Universite Paris Diderot, Sorbonne Paris Cite",France,2018-07-13,,Orthoebolavirus zairense,Orthoebolavirus,Filoviridae,ssRNA(-),18871,complete,,,,Gabon,Gabon,,Macaca fascicularis,,2001,SAMN06603421,PRJNA379115,"Ebola virus strain Ebola virus/M.fascicularis-wt/GAB/2001/150mg-CA899D7, complete genome"
KY785948,Ebola virus,GenBank,set:KY785948,SRR5350313,"Guedj,J., Piorkowski,G., Jacquot,F., Madelain,V., Nguyen,T.H.T., Gunther,S., Carbonelle,C., Mentre,F., de Lamballerie,X., Raoul,H.","IAME, UMR 1137, INSERM, Universite Paris Diderot, Sorbonne Paris Cite",France,2018-07-13,,Orthoebolavirus zairense,Orthoebolavirus,Filoviridae,ssRNA(-),18871,complete,,,,Gabon,Gabon,,Macaca fascicularis,,2001,SAMN06603420,PRJNA379115,"Ebola virus strain Ebola virus/M.fascicularis-wt/GAB/2001/150mg-CA899D5, complete genome"
KY785947,Ebola virus,GenBank,set:KY785947,SRR5350314,"Guedj,J., Piorkowski,G., Jacquot,F., Madelain,V., Nguyen,T.H.T., Gunther,S., Carbonelle,C., Mentre,F., de Lamballerie,X., Raoul,H.","IAME, UMR 1137, INSERM, Universite Paris Diderot, Sorbonne Paris Cite",France,2018-07-13,,Orthoebolavirus zairense,Orthoebolavirus,Filoviridae,ssRNA(-),18871,complete,,,,Gabon,Gabon,,Macaca fascicularis,,2001,SAMN06603419,PRJNA379115,"Ebola virus strain Ebola virus/M.fascicularis-wt/GAB/2001/150mg-CA899D17, complete genome"
KY785946,Ebola virus,GenBank,set:KY785946,SRR5350315,"Guedj,J., Piorkowski,G., Jacquot,F., Madelain,V., Nguyen,T.H.T., Gunther,S., Carbonelle,C., Mentre,F., de Lamballerie,X., Raoul,H.","IAME, UMR 1137, INSERM, Universite Paris Diderot, Sorbonne Paris Cite",France,2018-07-13,,Orthoebolavirus zairense,Orthoebolavirus,Filoviridae,ssRNA(-),18871,complete,,,,Gabon,Gabon,,Macaca fascicularis,,2001,SAMN06603418,PRJNA379115,"Ebola virus strain Ebola virus/M.fascicularis-wt/GAB/2001/150mg-CA899D14, complete genome"
KY785945,Ebola virus,GenBank,set:KY785945,SRR5350316,"Guedj,J., Piorkowski,G., Jacquot,F., Madelain,V., Nguyen,T.H.T., Gunther,S., Carbonelle,C., Mentre,F., de Lamballerie,X., Raoul,H.","IAME, UMR 1137, INSERM, Universite Paris Diderot, Sorbonne Paris Cite",France,2018-07-13,,Orthoebolavirus zairense,Orthoebolavirus,Filoviridae,ssRNA(-),18871,complete,,,,Gabon,Gabon,,Macaca fascicularis,,2001,SAMN06603417,PRJNA379115,"Ebola virus strain Ebola virus/M.fascicularis-wt/GAB/2001/150mg-CA899D10, complete genome"
KY785944,Ebola virus,GenBank,set:KY785944,SRR5350317,"Guedj,J., Piorkowski,G., Jacquot,F., Madelain,V., Nguyen,T.H.T., Gunther,S., Carbonelle,C., Mentre,F., de Lamballerie,X., Raoul,H.","IAME, UMR 1137, INSERM, Universite Paris Diderot, Sorbonne Paris Cite",France,2018-07-13,,Orthoebolavirus zairense,Orthoebolavirus,Filoviridae,ssRNA(-),18871,complete,,,,Gabon,Gabon,,Macaca fascicularis,,2001,SAMN06603416,PRJNA379115,"Ebola virus strain Ebola virus/M.fascicularis-wt/GAB/2001/100mg-CB881D7, complete genome"
KY785943,Ebola virus,GenBank,set:KY785943,SRR5350318,"Guedj,J., Piorkowski,G., Jacquot,F., Madelain,V., Nguyen,T.H.T., Gunther,S., Carbonelle,C., Mentre,F., de Lamballerie,X., Raoul,H.","IAME, UMR 1137, INSERM, Universite Paris Diderot, Sorbonne Paris Cite",France,2018-07-13,,Orthoebolavirus zairense,Orthoebolavirus,Filoviridae,ssRNA(-),18871,complete,,,,Gabon,Gabon,,Macaca fascicularis,,2001,SAMN06603415,PRJNA379115,"Ebola virus strain Ebola virus/M.fascicularis-wt/GAB/2001/100mg-CB881D5, complete genome"
KY785942,Ebola virus,GenBank,set:KY785942,SRR5350319,"Guedj,J., Piorkowski,G., Jacquot,F., Madelain,V., Nguyen,T.H.T., Gunther,S., Carbonelle,C., Mentre,F., de Lamballerie,X., Raoul,H.","IAME, UMR 1137, INSERM, Universite Paris Diderot, Sorbonne Paris Cite",France,2018-07-13,,Orthoebolavirus zairense,Orthoebolavirus,Filoviridae,ssRNA(-),18871,complete,,,,Gabon,Gabon,,Macaca fascicularis,,2001,SAMN06603414,PRJNA379115,"Ebola virus strain Ebola virus/M.fascicularis-wt/GAB/2001/100mg-CB881D10, complete genome"
KY785941,Ebola virus,GenBank,set:KY785941,SRR5350320,"Guedj,J., Piorkowski,G., Jacquot,F., Madelain,V., Nguyen,T.H.T., Gunther,S., Carbonelle,C., Mentre,F., de Lamballerie,X., Raoul,H.","IAME, UMR 1137, INSERM, Universite Paris Diderot, Sorbonne Paris Cite",France,2018-07-13,,Orthoebolavirus zairense,Orthoebolavirus,Filoviridae,ssRNA(-),18871,complete,,,,Gabon,Gabon,,Macaca fascicularis,,2001,SAMN06603413,PRJNA379115,"Ebola virus strain Ebola virus/M.fascicularis-wt/GAB/2001/100mg-CA550D8, complete genome"
KY785940,Ebola virus,GenBank,set:KY785940,SRR5350321,"Guedj,J., Piorkowski,G., Jacquot,F., Madelain,V., Nguyen,T.H.T., Gunther,S., Carbonelle,C., Mentre,F., de Lamballerie,X., Raoul,H.","IAME, UMR 1137, INSERM, Universite Paris Diderot, Sorbonne Paris Cite",France,2018-07-13,,Orthoebolavirus zairense,Orthoebolavirus,Filoviridae,ssRNA(-),18871,complete,,,,Gabon,Gabon,,Macaca fascicularis,,2001,SAMN06603412,PRJNA379115,"Ebola virus strain Ebola virus/M.fascicularis-wt/GAB/2001/100mg-CA550D7, complete genome"
KY785939,Ebola virus,GenBank,set:KY785939,SRR5350322,"Guedj,J., Piorkowski,G., Jacquot,F., Madelain,V., Nguyen,T.H.T., Gunther,S., Carbonelle,C., Mentre,F., de Lamballerie,X., Raoul,H.","IAME, UMR 1137, INSERM, Universite Paris Diderot, Sorbonne Paris Cite",France,2018-07-13,,Orthoebolavirus zairense,Orthoebolavirus,Filoviridae,ssRNA(-),18871,complete,,,,Gabon,Gabon,,Macaca fascicularis,,2001,SAMN06603411,PRJNA379115,"Ebola virus strain Ebola virus/M.fascicularis-wt/GAB/2001/100mg-CA550D5, complete genome"
KY785938,Ebola virus,GenBank,set:KY785938,SRR5350323,"Guedj,J., Piorkowski,G., Jacquot,F., Madelain,V., Nguyen,T.H.T., Gunther,S., Carbonelle,C., Mentre,F., de Lamballerie,X., Raoul,H.","IAME, UMR 1137, INSERM, Universite Paris Diderot, Sorbonne Paris Cite",France,2018-07-13,,Orthoebolavirus zairense,Orthoebolavirus,Filoviridae,ssRNA(-),18871,complete,,,,Gabon,Gabon,,Macaca fascicularis,,2001,SAMN06603410,PRJNA379115,"Ebola virus strain Ebola virus/M.fascicularis-wt/GAB/2001/100mg-CA470D9, complete genome"
KY785937,Ebola virus,GenBank,set:KY785937,SRR5350324,"Guedj,J., Piorkowski,G., Jacquot,F., Madelain,V., Nguyen,T.H.T., Gunther,S., Carbonelle,C., Mentre,F., de Lamballerie,X., Raoul,H.","IAME, UMR 1137, INSERM, Universite Paris Diderot, Sorbonne Paris Cite",France,2018-07-13,,Orthoebolavirus zairense,Orthoebolavirus,Filoviridae,ssRNA(-),18871,complete,,,,Gabon,Gabon,,Macaca fascicularis,,2001,SAMN06603409,PRJNA379115,"Ebola virus strain Ebola virus/M.fascicularis-wt/GAB/2001/100mg-CA470D7, complete genome"
KY785936,Ebola virus,GenBank,set:KY785936,SRR5350325,"Guedj,J., Piorkowski,G., Jacquot,F., Madelain,V., Nguyen,T.H.T., Gunther,S., Carbonelle,C., Mentre,F., de Lamballerie,X., Raoul,H.","IAME, UMR 1137, INSERM, Universite Paris Diderot, Sorbonne Paris Cite",France,2018-07-13,,Orthoebolavirus zairense,Orthoebolavirus,Filoviridae,ssRNA(-),18871,complete,,,,Gabon,Gabon,,Macaca fascicularis,,2001,SAMN06603408,PRJNA379115,"Ebola virus strain Ebola virus/M.fascicularis-wt/GAB/2001/100mg-CA470D5, complete genome"
MB015291,Ebola virus,GenBank,set:MB015291,,"Ostrowski,S.R., Walz,P.H., Aman,M.J., Holtsberg,F.W.",,,2019-07-31,,Orthoebolavirus zairense,Orthoebolavirus,Filoviridae,ssRNA(-),1491,partial,,,,,,,,,,,,JP 2018505185-A/2: EQUINE IMMUNOGLOBULIN COMPOSITIONS AND USES FOR TREATING FILOVIRUS-MEDIATED DISEASES
MB015294,Ebola virus,GenBank,set:MB015294,,"Ostrowski,S.R., Walz,P.H., Aman,M.J., Holtsberg,F.W.",,,2019-07-31,,Orthoebolavirus zairense,Orthoebolavirus,Filoviridae,ssRNA(-),1944,partial,,,,,,,,,,,,JP 2018505185-A/5: EQUINE IMMUNOGLOBULIN COMPOSITIONS AND USES FOR TREATING FILOVIRUS-MEDIATED DISEASES
MP155303,Ebola virus,GenBank,set:MP155303,,"SULLIVAN,N.J., NABEL,G.J., ASIEDU,C., CHENG,C., NICOSIA,A., CORTESE,R., AMMENDOLA,V., COLLOCA,S.",,,2019-05-15,,Orthoebolavirus zairense,Orthoebolavirus,Filoviridae,ssRNA(-),2302,partial,,,,,,,,,,,,Sequence 10 from Patent EP3466440
MP155306,Ebola virus,GenBank,set:MP155306,,"SULLIVAN,N.J., NABEL,G.J., ASIEDU,C., CHENG,C., NICOSIA,A., CORTESE,R., AMMENDOLA,V., COLLOCA,S.",,,2019-05-15,,Orthoebolavirus zairense,Orthoebolavirus,Filoviridae,ssRNA(-),2028,partial,,,,,,,,,,,,Sequence 13 from Patent EP3466440
MP001998,Ebola virus,GenBank,set:MP001998,,"HIATT,A., ZEITLIN,L., WHALEY,K., PAULY,M.",,,2019-02-12,,Orthoebolavirus zairense,Orthoebolavirus,Filoviridae,ssRNA(-),20,partial,,,,,,,,,,,,Sequence 41 from Patent EP3291837
MP001999,Ebola virus,GenBank,set:MP001999,,"HIATT,A., ZEITLIN,L., WHALEY,K., PAULY,M.",,,2019-02-12,,Orthoebolavirus zairense,Orthoebolavirus,Filoviridae,ssRNA(-),20,partial,,,,,,,,,,,,Sequence 42 from Patent EP3291837
MP002000,Ebola virus,GenBank,set:MP002000,,"HIATT,A., ZEITLIN,L., WHALEY,K., PAULY,M.",,,2019-02-12,,Orthoebolavirus zairense,Orthoebolavirus,Filoviridae,ssRNA(-),24,partial,,,,,,,,,,,,Sequence 43 from Patent EP3291837
LY530138,Ebola virus,GenBank,set:LY530138,,"Kyratsous,C., Olson,W., Mason,P., Stahl,N.",,,2018-09-26,,Orthoebolavirus zairense,Orthoebolavirus,Filoviridae,ssRNA(-),2051,partial,,,,,,,,,,,,KR 1020170102328-A/313: HUMAN ANTIBODIES TO EBOLA VIRUS GLYCOPROTEIN
LY532951,Ebola virus,GenBank,set:LY532951,,"Holtsberg,F.W., Aman,M.J., Walz,P.H., Ostrowski,S.R.",,,2018-09-26,,Orthoebolavirus zairense,Orthoebolavirus,Filoviridae,ssRNA(-),1491,partial,,,,,,,,,,,,KR 1020170122750-A/3: EQUINE IMMUNOGLOBULIN COMPOSITIONS AND USES FOR TREATING FILOVIRUS-MEDIATED DISEASES
LY532954,Ebola virus,GenBank,set:LY532954,,"Holtsberg,F.W., Aman,M.J., Walz,P.H., Ostrowski,S.R.",,,2018-09-26,,Orthoebolavirus zairense,Orthoebolavirus,Filoviridae,ssRNA(-),1944,partial,,,,,,,,,,,,KR 1020170122750-A/9: EQUINE IMMUNOGLOBULIN COMPOSITIONS AND USES FOR TREATING FILOVIRUS-MEDIATED DISEASES
MA346170,Ebola virus,GenBank,set:MA346170,,"Stahl,N., Mason,P., Olson,W., Kyratsous,C.",,,2018-07-31,,Orthoebolavirus zairense,Orthoebolavirus,Filoviridae,ssRNA(-),2051,partial,,,,,,,,,,,,JP 2018506966-A/157: Human Antibodies to Ebola Virus Glycoprotein
LQ817111,Ebola virus,GenBank,set:LQ817111,,"CHEN,W., WU,S., HOU,L., SONG,X., ZHANG,J., FU,L.",,,2018-07-18,,Orthoebolavirus zairense,Orthoebolavirus,Filoviridae,ssRNA(-),2037,partial,,,,,,,,,,,,Sequence 1 from Patent EP3342865
LQ817112,Ebola virus,GenBank,set:LQ817112,,"CHEN,W., WU,S., HOU,L., SONG,X., ZHANG,J., FU,L.",,,2018-07-18,,Orthoebolavirus zairense,Orthoebolavirus,Filoviridae,ssRNA(-),2064,partial,,,,,,,,,,,,Sequence 2 from Patent EP3342865
LP943737,Ebola virus,GenBank,set:LP943737,,"ZHANG,C., LIANG,H., ZHOU,Z., ZENG,K., CHEN,X.",,,2018-04-29,,Orthoebolavirus zairense,Orthoebolavirus,Filoviridae,ssRNA(-),36,partial,,,,,,,,,,,,Sequence 5 from Patent EP3189856
LP943738,Ebola virus,GenBank,set:LP943738,,"ZHANG,C., LIANG,H., ZHOU,Z., ZENG,K., CHEN,X.",,,2018-04-29,,Orthoebolavirus zairense,Orthoebolavirus,Filoviridae,ssRNA(-),33,partial,,,,,,,,,,,,Sequence 6 from Patent EP3189856
LP943739,Ebola virus,GenBank,set:LP943739,,"ZHANG,C., LIANG,H., ZHOU,Z., ZENG,K., CHEN,X.",,,2018-04-29,,Orthoebolavirus zairense,Orthoebolavirus,Filoviridae,ssRNA(-),28,partial,,,,,,,,,,,,Sequence 7 from Patent EP3189856
LY296935,Ebola virus,GenBank,set:LY296935,,"Caplin,B.",,,2017-10-14,,Orthoebolavirus zairense,Orthoebolavirus,Filoviridae,ssRNA(-),180,partial,,,,,,,,,,,,KR 1020160097193-A/12: Multiplex Probes
LY296984,Ebola virus,GenBank,set:LY296984,,"Caplin,B.",,,2017-10-14,,Orthoebolavirus zairense,Orthoebolavirus,Filoviridae,ssRNA(-),180,partial,,,,,,,,,,,,KR 1020160097193-A/61: Multiplex Probes
MS811579,Ebola virus,GenBank,set:MS811579,,"MANUGUERRA,J., ESCADAFAL,C., KWASIBORSKI,A., VANHOMWEGEN,J.",,,2017-07-12,,Orthoebolavirus zairense,Orthoebolavirus,Filoviridae,ssRNA(-),6639,partial,,,,,,,,,,,,Sequence 1 from Patent WO2016189490
MS908772,Ebola virus,GenBank,set:MS908772,,"MATTIUZZO,G., PAGE,M.",,,2017-07-12,,Orthoebolavirus zairense,Orthoebolavirus,Filoviridae,ssRNA(-),2971,partial,,,,,,,,,,,,Sequence 3 from Patent WO2017060662
MS908774,Ebola virus,GenBank,set:MS908774,,"MATTIUZZO,G., PAGE,M.",,,2017-07-12,,Orthoebolavirus zairense,Orthoebolavirus,Filoviridae,ssRNA(-),1376,partial,,,,,,,,,,,,Sequence 5 from Patent WO2017060662
MS908776,Ebola virus,GenBank,set:MS908776,,"MATTIUZZO,G., PAGE,M.",,,2017-07-12,,Orthoebolavirus zairense,Orthoebolavirus,Filoviridae,ssRNA(-),1505,partial,,,,,,,,,,,,Sequence 7 from Patent WO2017060662
MS908778,Ebola virus,GenBank,set:MS908778,,"MATTIUZZO,G., PAGE,M.",,,2017-07-12,,Orthoebolavirus zairense,Orthoebolavirus,Filoviridae,ssRNA(-),2406,partial,,,,,,,,,,,,Sequence 9 from Patent WO2017060662
MS908780,Ebola virus,GenBank,set:MS908780,,"MATTIUZZO,G., PAGE,M.",,,2017-07-12,,Orthoebolavirus zairense,Orthoebolavirus,Filoviridae,ssRNA(-),1453,partial,,,,,,,,,,,,Sequence 11 from Patent WO2017060662
MS908782,Ebola virus,GenBank,set:MS908782,,"MATTIUZZO,G., PAGE,M.",,,2017-07-12,,Orthoebolavirus zairense,Orthoebolavirus,Filoviridae,ssRNA(-),1612,partial,,,,,,,,,,,,Sequence 13 from Patent WO2017060662
MS908784,Ebola virus,GenBank,set:MS908784,,"MATTIUZZO,G., PAGE,M.",,,2017-07-12,,Orthoebolavirus zairense,Orthoebolavirus,Filoviridae,ssRNA(-),6782,partial,,,,,,,,,,,,Sequence 15 from Patent WO2017060662
LX074018,Ebola virus,GenBank,set:LX074018,,"Pau,M.G., Asiedu,C., Sullivan,N.J., Nabel,G.J., Cheng,C., Goudsmit,J.",,,2017-06-29,,Orthoebolavirus zairense,Orthoebolavirus,Filoviridae,ssRNA(-),2302,partial,,,,,,,,,,,,JP 2017048207-A/1: Adenovirus Serotype 26 and Serotype 35 Filovirus Vaccines
LX074020,Ebola virus,GenBank,set:LX074020,,"Pau,M.G., Asiedu,C., Sullivan,N.J., Nabel,G.J., Cheng,C., Goudsmit,J.",,,2017-06-29,,Orthoebolavirus zairense,Orthoebolavirus,Filoviridae,ssRNA(-),2028,partial,,,,,,,,,,,,JP 2017048207-A/3: Adenovirus Serotype 26 and Serotype 35 Filovirus Vaccines
LQ420617,Ebola virus,GenBank,set:LQ420617,,"CARROLL,M., DOWALL,S., HEWSON,R., CAMERON,I., LANDON,J., ZELTINA,A., STUART,D., BOWDEN,T.",,,2016-10-06,,Orthoebolavirus zairense,Orthoebolavirus,Filoviridae,ssRNA(-),2031,partial,,,,,,,,,,,,Sequence 3 from Patent WO2016128748
LQ421019,Ebola virus,GenBank,set:LQ421019,,"MAGRO,L., LAFAYE,P., MONTI,F., TABELING,P., MANUGUERRA,J., VANHOMWEGEN,J., JACQUELIN,B., SAKUNTHABHAI,A.",,,2016-10-06,,Orthoebolavirus zairense,Orthoebolavirus,Filoviridae,ssRNA(-),31,partial,,,,,,,,,,,,Sequence 1 from Patent WO2016128570
LQ421020,Ebola virus,GenBank,set:LQ421020,,"MAGRO,L., LAFAYE,P., MONTI,F., TABELING,P., MANUGUERRA,J., VANHOMWEGEN,J., JACQUELIN,B., SAKUNTHABHAI,A.",,,2016-10-06,,Orthoebolavirus zairense,Orthoebolavirus,Filoviridae,ssRNA(-),30,partial,,,,,,,,,,,,Sequence 2 from Patent WO2016128570
LQ421021,Ebola virus,GenBank,set:LQ421021,,"MAGRO,L., LAFAYE,P., MONTI,F., TABELING,P., MANUGUERRA,J., VANHOMWEGEN,J., JACQUELIN,B., SAKUNTHABHAI,A.",,,2016-10-06,,Orthoebolavirus zairense,Orthoebolavirus,Filoviridae,ssRNA(-),48,partial,,,,,,,,,,,,Sequence 3 from Patent WO2016128570
LQ421022,Ebola virus,GenBank,set:LQ421022,,"MAGRO,L., LAFAYE,P., MONTI,F., TABELING,P., MANUGUERRA,J., VANHOMWEGEN,J., JACQUELIN,B., SAKUNTHABHAI,A.",,,2016-10-06,,Orthoebolavirus zairense,Orthoebolavirus,Filoviridae,ssRNA(-),31,partial,,,,,,,,,,,,Sequence 4 from Patent WO2016128570
LQ421023,Ebola virus,GenBank,set:LQ421023,,"MAGRO,L., LAFAYE,P., MONTI,F., TABELING,P., MANUGUERRA,J., VANHOMWEGEN,J., JACQUELIN,B., SAKUNTHABHAI,A.",,,2016-10-06,,Orthoebolavirus zairense,Orthoebolavirus,Filoviridae,ssRNA(-),30,partial,,,,,,,,,,,,Sequence 5 from Patent WO2016128570
LQ421024,Ebola virus,GenBank,set:LQ421024,,"MAGRO,L., LAFAYE,P., MONTI,F., TABELING,P., MANUGUERRA,J., VANHOMWEGEN,J., JACQUELIN,B., SAKUNTHABHAI,A.",,,2016-10-06,,Orthoebolavirus zairense,Orthoebolavirus,Filoviridae,ssRNA(-),47,partial,,,,,,,,,,,,Sequence 6 from Patent WO2016128570
LQ421025,Ebola virus,GenBank,set:LQ421025,,"MAGRO,L., LAFAYE,P., MONTI,F., TABELING,P., MANUGUERRA,J., VANHOMWEGEN,J., JACQUELIN,B., SAKUNTHABHAI,A.",,,2016-10-06,,Orthoebolavirus zairense,Orthoebolavirus,Filoviridae,ssRNA(-),32,partial,,,,,,,,,,,,Sequence 7 from Patent WO2016128570
LQ421026,Ebola virus,GenBank,set:LQ421026,,"MAGRO,L., LAFAYE,P., MONTI,F., TABELING,P., MANUGUERRA,J., VANHOMWEGEN,J., JACQUELIN,B., SAKUNTHABHAI,A.",,,2016-10-06,,Orthoebolavirus zairense,Orthoebolavirus,Filoviridae,ssRNA(-),30,partial,,,,,,,,,,,,Sequence 8 from Patent WO2016128570
LQ421027,Ebola virus,GenBank,set:LQ421027,,"MAGRO,L., LAFAYE,P., MONTI,F., TABELING,P., MANUGUERRA,J., VANHOMWEGEN,J., JACQUELIN,B., SAKUNTHABHAI,A.",,,2016-10-06,,Orthoebolavirus zairense,Orthoebolavirus,Filoviridae,ssRNA(-),48,partial,,,,,,,,,,,,Sequence 9 from Patent WO2016128570
LQ421028,Ebola virus,GenBank,set:LQ421028,,"MAGRO,L., LAFAYE,P., MONTI,F., TABELING,P., MANUGUERRA,J., VANHOMWEGEN,J., JACQUELIN,B., SAKUNTHABHAI,A.",,,2016-10-06,,Orthoebolavirus zairense,Orthoebolavirus,Filoviridae,ssRNA(-),32,partial,,,,,,,,,,,,Sequence 10 from Patent WO2016128570
LQ421029,Ebola virus,GenBank,set:LQ421029,,"MAGRO,L., LAFAYE,P., MONTI,F., TABELING,P., MANUGUERRA,J., VANHOMWEGEN,J., JACQUELIN,B., SAKUNTHABHAI,A.",,,2016-10-06,,Orthoebolavirus zairense,Orthoebolavirus,Filoviridae,ssRNA(-),31,partial,,,,,,,,,,,,Sequence 11 from Patent WO2016128570
LQ421030,Ebola virus,GenBank,set:LQ421030,,"MAGRO,L., LAFAYE,P., MONTI,F., TABELING,P., MANUGUERRA,J., VANHOMWEGEN,J., JACQUELIN,B., SAKUNTHABHAI,A.",,,2016-10-06,,Orthoebolavirus zairense,Orthoebolavirus,Filoviridae,ssRNA(-),48,partial,,,,,,,,,,,,Sequence 12 from Patent WO2016128570
LQ421031,Ebola virus,GenBank,set:LQ421031,,"MAGRO,L., LAFAYE,P., MONTI,F., TABELING,P., MANUGUERRA,J., VANHOMWEGEN,J., JACQUELIN,B., SAKUNTHABHAI,A.",,,2016-10-06,,Orthoebolavirus zairense,Orthoebolavirus,Filoviridae,ssRNA(-),47,partial,,,,,,,,,,,,Sequence 13 from Patent WO2016128570
LQ421032,Ebola virus,GenBank,set:LQ421032,,"MAGRO,L., LAFAYE,P., MONTI,F., TABELING,P., MANUGUERRA,J., VANHOMWEGEN,J., JACQUELIN,B., SAKUNTHABHAI,A.",,,2016-10-06,,Orthoebolavirus zairense,Orthoebolavirus,Filoviridae,ssRNA(-),46,partial,,,,,,,,,,,,Sequence 14 from Patent WO2016128570
LQ421033,Ebola virus,GenBank,set:LQ421033,,"MAGRO,L., LAFAYE,P., MONTI,F., TABELING,P., MANUGUERRA,J., VANHOMWEGEN,J., JACQUELIN,B., SAKUNTHABHAI,A.",,,2016-10-06,,Orthoebolavirus zairense,Orthoebolavirus,Filoviridae,ssRNA(-),47,partial,,,,,,,,,,,,Sequence 15 from Patent WO2016128570
LQ430444,Ebola virus,GenBank,set:LQ430444,,"STROEHER,U., SEALY,T., TOWNER,J., NICHOL,S., ALBARINO,C.",,,2016-10-06,,Orthoebolavirus zairense,Orthoebolavirus,Filoviridae,ssRNA(-),119,partial,,,,,,,,,,,,Sequence 1 from Patent WO2016134144
LQ430448,Ebola virus,GenBank,set:LQ430448,,"STROEHER,U., SEALY,T., TOWNER,J., NICHOL,S., ALBARINO,C.",,,2016-10-06,,Orthoebolavirus zairense,Orthoebolavirus,Filoviridae,ssRNA(-),67,partial,,,,,,,,,,,,Sequence 5 from Patent WO2016134144
LQ440243,Ebola virus,GenBank,set:LQ440243,,"CAPLIN,B.",,,2016-10-06,,Orthoebolavirus zairense,Orthoebolavirus,Filoviridae,ssRNA(-),180,partial,,,,,,,,,,,,Sequence 12 from Patent EP3055430
LQ440292,Ebola virus,GenBank,set:LQ440292,,"CAPLIN,B.",,,2016-10-06,,Orthoebolavirus zairense,Orthoebolavirus,Filoviridae,ssRNA(-),180,partial,,,,,,,,,,,,Sequence 61 from Patent EP3055430
LQ512013,Ebola virus,GenBank,set:LQ512013,,"KYRATSOUS,C., OLSON,W., MASON,P., STAHL,N.",,,2016-10-06,,Orthoebolavirus zairense,Orthoebolavirus,Filoviridae,ssRNA(-),2051,partial,,,,,,,,,,,,Sequence 313 from Patent WO2016123019
LT605058,Ebola virus,GenBank,set:LT605058,,"Hain,Torsten.","Institute for Medical Microbiology, NGS core facility, Justus-Liebig-University, Institute for Medical Microbiology, Schuberttrasse 81, 35392 Giessen, Hessia, 35392",Germany,2016-08-09,Ebola virus Makona isolate Frankfurt,Orthoebolavirus zairense,Orthoebolavirus,Filoviridae,ssRNA(-),18959,complete,,,,Germany,Germany,,,,2014-10-14,SAMEA4353589,PRJEB14894,"Ebola virus isolate Ebola virus Makona isolate Frankfurt genome assembly, complete genome: monopartite"
KT191140,Ebola virus,GenBank,set:KT191140,,"Srinivas,V., Yadav,P., Mittal,V., Chaubal,G., Chhabra,M., Mattoo,S., Rai,A., Mourya,D.T., Yadav,P.D., Chaubal,G.Y.","National Institute of Virology, Maximum Containment Laboratory",India,2016-04-07,Ebola virus H.sapiens-wt/NIV/2015/India/NIV152881,Orthoebolavirus zairense,Orthoebolavirus,Filoviridae,ssRNA(-),383,partial,,,1,India,India,,Homo sapiens,sperm,2014-11-17,,,"Ebola virus isolate Ebola virus H.sapiens-wt/NIV/2015/India/NIV152881 VP40-GP intergenic spacer, partial sequence"
KT191141,Ebola virus,GenBank,set:KT191141,,"Srinivas,V., Yadav,P., Mittal,V., Chaubal,G., Chhabra,M., Mattoo,S., Rai,A., Mourya,D.T., Yadav,P.D., Chaubal,G.Y.","National Institute of Virology, Maximum Containment Laboratory",India,2016-04-07,Ebola virus H.sapiens-wt/NIV/2015/India/NIV152881,Orthoebolavirus zairense,Orthoebolavirus,Filoviridae,ssRNA(-),1216,partial,,,1,India,India,,Homo sapiens,sperm,2014-11-17,,,"Ebola virus isolate Ebola virus H.sapiens-wt/NIV/2015/India/NIV152881 nucleoprotein (NP) gene, partial cds"
KT191142,Ebola virus,GenBank,set:KT191142,,"Srinivas,V., Yadav,P., Mittal,V., Chaubal,G., Chhabra,M., Mattoo,S., Rai,A., Mourya,D.T., Yadav,P.D., Chaubal,G.Y.","National Institute of Virology, Maximum Containment Laboratory",India,2016-04-07,Ebola virus H.sapiens-wt/NIV/2015/India/NIV152881,Orthoebolavirus zairense,Orthoebolavirus,Filoviridae,ssRNA(-),336,partial,,,1,India,India,,Homo sapiens,sperm,2014-11-17,,,"Ebola virus isolate Ebola virus H.sapiens-wt/NIV/2015/India/NIV152881 VP40 protein (VP40) gene, partial cds"
KU182898,Ebola virus,GenBank,set:KU182898,,"Das,S.R., Shabman,R., Halpin,R.A., Akopov,A., Fedorova,N., Puri,V., Stockwell,T., Amedeo,P., Bishop,B., Katzel,D., Schobel,S., Shrivastava,S., Brasel,T., Yun,N., Paessler,S., Dowling,W., Barrett,A.",J. Craig Venter Institute,USA,2015-12-22,Ebola virus/H. sapiens-tc/COD/1995/Kikwit-9510623,Orthoebolavirus zairense,Orthoebolavirus,Filoviridae,ssRNA(-),18959,complete,,,,Zaire,Zaire,,Homo sapiens,,1995-05-04,,PRJNA242964,"Ebola virus isolate Ebola virus/H. sapiens-tc/COD/1995/Kikwit-9510623, complete genome"
KU182899,Ebola virus,GenBank,set:KU182899,,"Das,S.R., Shabman,R., Halpin,R.A., Akopov,A., Fedorova,N., Puri,V., Stockwell,T., Amedeo,P., Bishop,B., Katzel,D., Schobel,S., Shrivastava,S., Brasel,T., Yun,N., Paessler,S., Dowling,W., Barrett,A.",J. Craig Venter Institute,USA,2015-12-22,Ebola virus/H. sapiens-tc/COD/1995/Kikwit-9510631,Orthoebolavirus zairense,Orthoebolavirus,Filoviridae,ssRNA(-),18959,complete,,,,Zaire,Zaire,,Homo sapiens,,1995-05-04,,PRJNA242964,"Ebola virus isolate Ebola virus/H. sapiens-tc/COD/1995/Kikwit-9510631, complete genome"
KU182900,Ebola virus,GenBank,set:KU182900,,"Das,S.R., Shabman,R., Halpin,R.A., Akopov,A., Fedorova,N., Puri,V., Stockwell,T., Amedeo,P., Bishop,B., Katzel,D., Schobel,S., Shrivastava,S., Brasel,T., Yun,N., Paessler,S., Dowling,W., Barrett,A.",J. Craig Venter Institute,USA,2015-12-22,Ebola virus/H. sapiens-tc/COD/1995/Kikwit-9510630,Orthoebolavirus zairense,Orthoebolavirus,Filoviridae,ssRNA(-),18959,complete,,,,Zaire,Zaire,,Homo sapiens,,1995-05-04,,PRJNA242964,"Ebola virus isolate Ebola virus/H. sapiens-tc/COD/1995/Kikwit-9510630, complete genome"
KU182901,Ebola virus,GenBank,set:KU182901,,"Das,S.R., Shabman,R., Halpin,R.A., Akopov,A., Fedorova,N., Puri,V., Stockwell,T., Amedeo,P., Bishop,B., Katzel,D., Schobel,S., Shrivastava,S., Brasel,T., Yun,N., Paessler,S., Dowling,W., Barrett,A.",J. Craig Venter Institute,USA,2015-12-22,Ebola virus/H. sapiens-tc/COD/1995/Kikwit-9510629,Orthoebolavirus zairense,Orthoebolavirus,Filoviridae,ssRNA(-),18959,complete,,,,Zaire,Zaire,,Homo sapiens,,1995-05-04,,PRJNA242964,"Ebola virus isolate Ebola virus/H. sapiens-tc/COD/1995/Kikwit-9510629, complete genome"
KU182902,Ebola virus,GenBank,set:KU182902,,"Das,S.R., Shabman,R., Halpin,R.A., Akopov,A., Fedorova,N., Puri,V., Stockwell,T., Amedeo,P., Bishop,B., Katzel,D., Schobel,S., Shrivastava,S., Brasel,T., Yun,N., Paessler,S., Dowling,W., Barrett,A.",J. Craig Venter Institute,USA,2015-12-22,Ebola virus/H. sapiens-tc/COD/1995/Kikwit-9510624,Orthoebolavirus zairense,Orthoebolavirus,Filoviridae,ssRNA(-),18959,complete,,,,Zaire,Zaire,,Homo sapiens,,1995-05-04,,PRJNA242964,"Ebola virus isolate Ebola virus/H. sapiens-tc/COD/1995/Kikwit-9510624, complete genome"
KU182903,Ebola virus,GenBank,set:KU182903,,"Das,S.R., Shabman,R., Halpin,R.A., Akopov,A., Fedorova,N., Puri,V., Stockwell,T., Amedeo,P., Bishop,B., Katzel,D., Schobel,S., Shrivastava,S., Brasel,T., Yun,N., Paessler,S., Dowling,W., Barrett,A.",J. Craig Venter Institute,USA,2015-12-22,Ebola virus/H. sapiens-tc/COD/1995/Kikwit-9510625,Orthoebolavirus zairense,Orthoebolavirus,Filoviridae,ssRNA(-),18959,complete,,,,Zaire,Zaire,,Homo sapiens,,1995-05-04,,PRJNA242964,"Ebola virus isolate Ebola virus/H. sapiens-tc/COD/1995/Kikwit-9510625, complete genome"
KU182904,Ebola virus,GenBank,set:KU182904,,"Das,S.R., Shabman,R., Halpin,R.A., Akopov,A., Fedorova,N., Puri,V., Stockwell,T., Amedeo,P., Bishop,B., Katzel,D., Schobel,S., Shrivastava,S., Brasel,T., Yun,N., Paessler,S., Dowling,W., Barrett,A.",J. Craig Venter Institute,USA,2015-12-22,Ebola virus/H. sapiens-tc/COD/1995/Kikwit-9510626,Orthoebolavirus zairense,Orthoebolavirus,Filoviridae,ssRNA(-),18959,complete,,,,Zaire,Zaire,,Homo sapiens,,1995-05-04,,PRJNA242964,"Ebola virus isolate Ebola virus/H. sapiens-tc/COD/1995/Kikwit-9510626, complete genome"
KU182905,Ebola virus,GenBank,set:KU182905,,"Das,S.R., Shabman,R., Halpin,R.A., Akopov,A., Fedorova,N., Puri,V., Stockwell,T., Amedeo,P., Bishop,B., Katzel,D., Schobel,S., Shrivastava,S., Brasel,T., Yun,N., Paessler,S., Dowling,W., Barrett,A.",J. Craig Venter Institute,USA,2015-12-22,Ebola virus/H. sapiens-tc/COD/1995/Kikwit-9510621,Orthoebolavirus zairense,Orthoebolavirus,Filoviridae,ssRNA(-),18959,complete,,,,Zaire,Zaire,,Homo sapiens,,1995-05-04,,PRJNA242964,"Ebola virus isolate Ebola virus/H. sapiens-tc/COD/1995/Kikwit-9510621, complete genome"
KU182906,Ebola virus,GenBank,set:KU182906,,"Das,S.R., Shabman,R., Halpin,R.A., Akopov,A., Fedorova,N., Puri,V., Stockwell,T., Amedeo,P., Bishop,B., Katzel,D., Schobel,S., Shrivastava,S., Brasel,T., Yun,N., Paessler,S., Dowling,W., Barrett,A.",J. Craig Venter Institute,USA,2015-12-22,Ebola virus/H. sapiens-tc/COD/1995/Kikwit-9510628,Orthoebolavirus zairense,Orthoebolavirus,Filoviridae,ssRNA(-),18959,complete,,,,Zaire,Zaire,,Homo sapiens,,1995-05-04,,PRJNA242964,"Ebola virus isolate Ebola virus/H. sapiens-tc/COD/1995/Kikwit-9510628, complete genome"
KU182907,Ebola virus,GenBank,set:KU182907,,"Das,S.R., Shabman,R., Halpin,R.A., Akopov,A., Fedorova,N., Puri,V., Stockwell,T., Amedeo,P., Bishop,B., Katzel,D., Schobel,S., Shrivastava,S., Brasel,T., Yun,N., Paessler,S., Dowling,W., Barrett,A.",J. Craig Venter Institute,USA,2015-12-22,Ebola virus/H. sapiens-tc/COD/1995/Kikwit-9510627,Orthoebolavirus zairense,Orthoebolavirus,Filoviridae,ssRNA(-),18959,complete,,,,Zaire,Zaire,,Homo sapiens,,1995-05-04,,PRJNA242964,"Ebola virus isolate Ebola virus/H. sapiens-tc/COD/1995/Kikwit-9510627, complete genome"
KU182908,Ebola virus,GenBank,set:KU182908,,"Das,S.R., Shabman,R., Halpin,R.A., Akopov,A., Fedorova,N., Puri,V., Stockwell,T., Amedeo,P., Bishop,B., Katzel,D., Schobel,S., Shrivastava,S., Brasel,T., Yun,N., Paessler,S., Dowling,W., Barrett,A.",J. Craig Venter Institute,USA,2015-12-22,Ebola virus/H. sapiens-tc/COD/1995/Kikwit-9510632,Orthoebolavirus zairense,Orthoebolavirus,Filoviridae,ssRNA(-),18959,complete,,,,Zaire,Zaire,,Homo sapiens,,1995-05-04,,PRJNA242964,"Ebola virus isolate Ebola virus/H. sapiens-tc/COD/1995/Kikwit-9510632, complete genome"
KU182909,Ebola virus,GenBank,set:KU182909,,"Das,S.R., Shabman,R., Halpin,R.A., Akopov,A., Fedorova,N., Puri,V., Stockwell,T., Amedeo,P., Bishop,B., Katzel,D., Schobel,S., Shrivastava,S., Brasel,T., Yun,N., Paessler,S., Dowling,W., Barrett,A.",J. Craig Venter Institute,USA,2015-12-22,Ebola virus/H. sapiens-tc/COD/1995/Kikwit-9510622,Orthoebolavirus zairense,Orthoebolavirus,Filoviridae,ssRNA(-),18959,complete,,,,Zaire,Zaire,,Homo sapiens,,1995-05-04,,PRJNA242964,"Ebola virus isolate Ebola virus/H. sapiens-tc/COD/1995/Kikwit-9510622, complete genome"
HZ164397,"Ebola virus - Mayinga, Zaire, 1976",GenBank,set:HZ164397,,"Steigerwald,R.",,,2015-10-23,,Orthoebolavirus zairense,Orthoebolavirus,Filoviridae,ssRNA(-),2031,partial,,,,,,,,,,,,JP 2015128443-A/5: Vector comprising multiple homologous nucleotide sequences
HZ164400,"Ebola virus - Mayinga, Zaire, 1976",GenBank,set:HZ164400,,"Steigerwald,R.",,,2015-10-23,,Orthoebolavirus zairense,Orthoebolavirus,Filoviridae,ssRNA(-),2031,partial,,,,,,,,,,,,JP 2015128443-A/8: Vector comprising multiple homologous nucleotide sequences
JE996635,Ebola virus,GenBank,set:JE996635,,"SOMOZA,C.A., LATORRE,L.A., ORTIZ,U.S., POSCH,C.",,,2015-10-15,,Orthoebolavirus zairense,Orthoebolavirus,Filoviridae,ssRNA(-),22,partial,,,,,,,,,,,,Sequence 18 from Patent WO2015114127
JE996636,Ebola virus,GenBank,set:JE996636,,"SOMOZA,C.A., LATORRE,L.A., ORTIZ,U.S., POSCH,C.",,,2015-10-15,,Orthoebolavirus zairense,Orthoebolavirus,Filoviridae,ssRNA(-),22,partial,,,,,,,,,,,,Sequence 19 from Patent WO2015114127
JE996637,Ebola virus,GenBank,set:JE996637,,"SOMOZA,C.A., LATORRE,L.A., ORTIZ,U.S., POSCH,C.",,,2015-10-15,,Orthoebolavirus zairense,Orthoebolavirus,Filoviridae,ssRNA(-),22,partial,,,,,,,,,,,,Sequence 20 from Patent WO2015114127
KR063671,Ebola virus,GenBank,set:KR063671,,"Das,S.R., Shabman,R., Halpin,R.A., Lin,X., Ransier,A., Fedorova,N., Tsitrin,T., Puri,V., Stockwell,T., Amedeo,P., Bishop,B., Gupta,N., Katzel,D., Schobel,S., Shrivastava,S., Alfson,K., Wentworth,D.E., Griffiths,A.",J. Craig Venter Institute,USA,2015-04-11,Ebola virus/H.sapiens-tc/COD/1976/Yambuku-Mayinga,Orthoebolavirus zairense,Orthoebolavirus,Filoviridae,ssRNA(-),18957,complete,,,,Democratic Republic of the Congo,Democratic Republic of the Congo,,Homo sapiens,,1976-10-01,,PRJNA243089,"Ebola virus isolate Ebola virus/H.sapiens-tc/COD/1976/Yambuku-Mayinga, complete genome"
KR063672,Ebola virus,GenBank,set:KR063672,,"Das,S.R., Shabman,R., Halpin,R.A., Lin,X., Ransier,A., Fedorova,N., Tsitrin,T., Puri,V., Stockwell,T., Amedeo,P., Bishop,B., Gupta,N., Katzel,D., Schobel,S., Shrivastava,S., Alfson,K., Wentworth,D.E., Griffiths,A.",J. Craig Venter Institute,USA,2015-04-11,Ebola virus/H.sapiens-tc/COD/1995/Kikwit-807223,Orthoebolavirus zairense,Orthoebolavirus,Filoviridae,ssRNA(-),18956,complete,,,,Democratic Republic of the Congo,Democratic Republic of the Congo,,Homo sapiens,,1995-04-01,,PRJNA243089,"Ebola virus isolate Ebola virus/H.sapiens-tc/COD/1995/Kikwit-807223, complete genome"
HV753274,"Ebola virus - Mayinga, Zaire, 1976",GenBank,set:HV753274,,"Steigerwald,R.",,,2012-08-31,,Orthoebolavirus zairense,Orthoebolavirus,Filoviridae,ssRNA(-),2031,partial,,,,,,,,,,,,JP 2012509073-A/5: Vector comprising multiple homologous nucleotide sequences
HV753277,"Ebola virus - Mayinga, Zaire, 1976",GenBank,set:HV753277,,"Steigerwald,R.",,,2012-08-31,,Orthoebolavirus zairense,Orthoebolavirus,Filoviridae,ssRNA(-),2031,partial,,,,,,,,,,,,JP 2012509073-A/8: Vector comprising multiple homologous nucleotide sequences
HC918460,"Ebola virus - Mayinga, Zaire, 1976",GenBank,set:HC918460,,"Steigerwald,R.",,,2010-06-21,,Orthoebolavirus zairense,Orthoebolavirus,Filoviridae,ssRNA(-),2031,partial,,,,,,,,,,,,Sequence 10 from Patent WO2010057650
HC918463,"Ebola virus - Mayinga, Zaire, 1976",GenBank,set:HC918463,,"Steigerwald,R.",,,2010-06-21,,Orthoebolavirus zairense,Orthoebolavirus,Filoviridae,ssRNA(-),2031,partial,,,,,,,,,,,,Sequence 13 from Patent WO2010057650
DM143448,Ebola virus,GenBank,set:DM143448,,"Zhang,X., Fu,X.",,,2009-07-14,,Orthoebolavirus zairense,Orthoebolavirus,Filoviridae,ssRNA(-),2360,partial,,,,,,,,,,,,Use of Mutant Herpes Simplex Virus-2 for Cancer Therapy
DL475795,Ebola virus,GenBank,set:DL475795,,"Chakravarti,B., Yan,J., Pou,M.G., Gouzumitto,J., Nabel,G.J., Sullivan,N.",,,2008-12-22,,Orthoebolavirus zairense,Orthoebolavirus,Filoviridae,ssRNA(-),6426,partial,,,,,,,,,,,,OPTIMIZED VACCINES TO PROVIDE PROTECTION AGAINST EBOLA AND OTHER VIRUSES
DL475797,Ebola virus,GenBank,set:DL475797,,"Chakravarti,B., Yan,J., Pou,M.G., Gouzumitto,J., Nabel,G.J., Sullivan,N.",,,2008-12-22,,Orthoebolavirus zairense,Orthoebolavirus,Filoviridae,ssRNA(-),6414,partial,,,,,,,,,,,,OPTIMIZED VACCINES TO PROVIDE PROTECTION AGAINST EBOLA AND OTHER VIRUSES
DL475798,Ebola virus,GenBank,set:DL475798,,"Chakravarti,B., Yan,J., Pou,M.G., Gouzumitto,J., Nabel,G.J., Sullivan,N.",,,2008-12-22,,Orthoebolavirus zairense,Orthoebolavirus,Filoviridae,ssRNA(-),6424,partial,,,,,,,,,,,,OPTIMIZED VACCINES TO PROVIDE PROTECTION AGAINST EBOLA AND OTHER VIRUSES
DL475801,Ebola virus,GenBank,set:DL475801,,"Chakravarti,B., Yan,J., Pou,M.G., Gouzumitto,J., Nabel,G.J., Sullivan,N.",,,2008-12-22,,Orthoebolavirus zairense,Orthoebolavirus,Filoviridae,ssRNA(-),8128,partial,,,,,,,,,,,,OPTIMIZED VACCINES TO PROVIDE PROTECTION AGAINST EBOLA AND OTHER VIRUSES
DL145360,Ebola virus,GenBank,set:DL145360,,"Niman,H.L.",,,2008-09-26,,Orthoebolavirus zairense,Orthoebolavirus,Filoviridae,ssRNA(-),18,partial,,,,,,,,,,,,COPY CHOICE RECOMBINATION AND USES THEREOF
DL145361,Ebola virus,GenBank,set:DL145361,,"Niman,H.L.",,,2008-09-26,,Orthoebolavirus zairense,Orthoebolavirus,Filoviridae,ssRNA(-),18,partial,,,,,,,,,,,,COPY CHOICE RECOMBINATION AND USES THEREOF
DL145362,Ebola virus,GenBank,set:DL145362,,"Niman,H.L.",,,2008-09-26,,Orthoebolavirus zairense,Orthoebolavirus,Filoviridae,ssRNA(-),18,partial,,,,,,,,,,,,COPY CHOICE RECOMBINATION AND USES THEREOF
DL145363,Ebola virus,GenBank,set:DL145363,,"Niman,H.L.",,,2008-09-26,,Orthoebolavirus zairense,Orthoebolavirus,Filoviridae,ssRNA(-),18,partial,,,,,,,,,,,,COPY CHOICE RECOMBINATION AND USES THEREOF
DL145513,Ebola virus,GenBank,set:DL145513,,"Niman,H.L.",,,2008-09-26,,Orthoebolavirus zairense,Orthoebolavirus,Filoviridae,ssRNA(-),18,partial,,,,,,,,,,,,COPY CHOICE RECOMBINATION AND USES THEREOF
DL145514,Ebola virus,GenBank,set:DL145514,,"Niman,H.L.",,,2008-09-26,,Orthoebolavirus zairense,Orthoebolavirus,Filoviridae,ssRNA(-),18,partial,,,,,,,,,,,,COPY CHOICE RECOMBINATION AND USES THEREOF
DL145515,Ebola virus,GenBank,set:DL145515,,"Niman,H.L.",,,2008-09-26,,Orthoebolavirus zairense,Orthoebolavirus,Filoviridae,ssRNA(-),18,partial,,,,,,,,,,,,COPY CHOICE RECOMBINATION AND USES THEREOF
DL145516,Ebola virus,GenBank,set:DL145516,,"Niman,H.L.",,,2008-09-26,,Orthoebolavirus zairense,Orthoebolavirus,Filoviridae,ssRNA(-),18,partial,,,,,,,,,,,,COPY CHOICE RECOMBINATION AND USES THEREOF
DL145517,Ebola virus,GenBank,set:DL145517,,"Niman,H.L.",,,2008-09-26,,Orthoebolavirus zairense,Orthoebolavirus,Filoviridae,ssRNA(-),18,partial,,,,,,,,,,,,COPY CHOICE RECOMBINATION AND USES THEREOF
DL145518,Ebola virus,GenBank,set:DL145518,,"Niman,H.L.",,,2008-09-26,,Orthoebolavirus zairense,Orthoebolavirus,Filoviridae,ssRNA(-),18,partial,,,,,,,,,,,,COPY CHOICE RECOMBINATION AND USES THEREOF
DL145519,Ebola virus,GenBank,set:DL145519,,"Niman,H.L.",,,2008-09-26,,Orthoebolavirus zairense,Orthoebolavirus,Filoviridae,ssRNA(-),18,partial,,,,,,,,,,,,COPY CHOICE RECOMBINATION AND USES THEREOF
DL145520,Ebola virus,GenBank,set:DL145520,,"Niman,H.L.",,,2008-09-26,,Orthoebolavirus zairense,Orthoebolavirus,Filoviridae,ssRNA(-),18,partial,,,,,,,,,,,,COPY CHOICE RECOMBINATION AND USES THEREOF
DL145521,Ebola virus,GenBank,set:DL145521,,"Niman,H.L.",,,2008-09-26,,Orthoebolavirus zairense,Orthoebolavirus,Filoviridae,ssRNA(-),18,partial,,,,,,,,,,,,COPY CHOICE RECOMBINATION AND USES THEREOF
DL145522,Ebola virus,GenBank,set:DL145522,,"Niman,H.L.",,,2008-09-26,,Orthoebolavirus zairense,Orthoebolavirus,Filoviridae,ssRNA(-),18,partial,,,,,,,,,,,,COPY CHOICE RECOMBINATION AND USES THEREOF
DL145523,Ebola virus,GenBank,set:DL145523,,"Niman,H.L.",,,2008-09-26,,Orthoebolavirus zairense,Orthoebolavirus,Filoviridae,ssRNA(-),18,partial,,,,,,,,,,,,COPY CHOICE RECOMBINATION AND USES THEREOF
DL145524,Ebola virus,GenBank,set:DL145524,,"Niman,H.L.",,,2008-09-26,,Orthoebolavirus zairense,Orthoebolavirus,Filoviridae,ssRNA(-),18,partial,,,,,,,,,,,,COPY CHOICE RECOMBINATION AND USES THEREOF
DL145525,Ebola virus,GenBank,set:DL145525,,"Niman,H.L.",,,2008-09-26,,Orthoebolavirus zairense,Orthoebolavirus,Filoviridae,ssRNA(-),18,partial,,,,,,,,,,,,COPY CHOICE RECOMBINATION AND USES THEREOF
DL145526,Ebola virus,GenBank,set:DL145526,,"Niman,H.L.",,,2008-09-26,,Orthoebolavirus zairense,Orthoebolavirus,Filoviridae,ssRNA(-),18,partial,,,,,,,,,,,,COPY CHOICE RECOMBINATION AND USES THEREOF
DL145527,Ebola virus,GenBank,set:DL145527,,"Niman,H.L.",,,2008-09-26,,Orthoebolavirus zairense,Orthoebolavirus,Filoviridae,ssRNA(-),18,partial,,,,,,,,,,,,COPY CHOICE RECOMBINATION AND USES THEREOF
DL145528,Ebola virus,GenBank,set:DL145528,,"Niman,H.L.",,,2008-09-26,,Orthoebolavirus zairense,Orthoebolavirus,Filoviridae,ssRNA(-),18,partial,,,,,,,,,,,,COPY CHOICE RECOMBINATION AND USES THEREOF
DI137757,Ebola virus,GenBank,set:DI137757,,"Wang,D.",,,2008-02-21,,Orthoebolavirus zairense,Orthoebolavirus,Filoviridae,ssRNA(-),7,partial,,,,,,,,,,,,GENETIC VACCINE AGAINST HUMAN IMMUNODEFICIENCY VIRUS
DI138528,Ebola virus,GenBank,set:DI138528,,"Wang,D.",,,2008-02-21,,Orthoebolavirus zairense,Orthoebolavirus,Filoviridae,ssRNA(-),7,partial,,,,,,,,,,,,GENETIC VACCINE AGAINST HUMAN IMMUNODEFICIENCY VIRUS
DD227501,Ebola virus,GenBank,set:DD227501,,"Wang,D.",,,2006-03-18,,Orthoebolavirus zairense,Orthoebolavirus,Filoviridae,ssRNA(-),7,partial,,,,,,,,,,,,GENETIC VACCINE AGAINST HUMAN IMMUNODEFICIENCY VIRUS
DD227502,Ebola virus,GenBank,set:DD227502,,"Wang,D.",,,2006-03-18,,Orthoebolavirus zairense,Orthoebolavirus,Filoviridae,ssRNA(-),7,partial,,,,,,,,,,,,GENETIC VACCINE AGAINST HUMAN IMMUNODEFICIENCY VIRUS
DD227504,Ebola virus,GenBank,set:DD227504,,"Wang,D.",,,2006-03-18,,Orthoebolavirus zairense,Orthoebolavirus,Filoviridae,ssRNA(-),7,partial,,,,,,,,,,,,GENETIC VACCINE AGAINST HUMAN IMMUNODEFICIENCY VIRUS
DD227506,Ebola virus,GenBank,set:DD227506,,"Wang,D.",,,2006-03-18,,Orthoebolavirus zairense,Orthoebolavirus,Filoviridae,ssRNA(-),6,partial,,,,,,,,,,,,GENETIC VACCINE AGAINST HUMAN IMMUNODEFICIENCY VIRUS
DD220209,Ebola virus,GenBank,set:DD220209,,"Fu,X., Zhang,X.",,,2006-02-18,,Orthoebolavirus zairense,Orthoebolavirus,Filoviridae,ssRNA(-),2360,partial,,,,,,,,,,,,POTENT ONCOLYTIC HERPES SIMPLEX VIRUS FOR CANCER THERAPY
AJ001707,Ebola virus - Gabon (1994-1997),GenBank,set:AJ001707,,"Prehaud,C.J.","Prehaud C.J., Institut Pasteur, Groupe des Bunyavirides, 25 rue du Dr Roux, 75724 Paris Cedex 15",France,2006-01-07,95/71,Orthoebolavirus zairense,Orthoebolavirus,Filoviridae,ssRNA(-),1030,partial,,,,,,,,,,,,Ebola virus strain Gabon-94 mRNA for VP40 protein
BD410065,Ebola virus,GenBank,set:BD410065,,"Wang,D.",,,2005-11-04,,Orthoebolavirus zairense,Orthoebolavirus,Filoviridae,ssRNA(-),7,partial,,,,,,,,,,,,GENETIC VACCINE THAT MIMICS NATURAL VIRAL INFECTION AND INDUCES LONG-LASTING IMMUNITY TO PATHOGENS
BD410066,Ebola virus,GenBank,set:BD410066,,"Wang,D.",,,2005-11-04,,Orthoebolavirus zairense,Orthoebolavirus,Filoviridae,ssRNA(-),7,partial,,,,,,,,,,,,GENETIC VACCINE THAT MIMICS NATURAL VIRAL INFECTION AND INDUCES LONG-LASTING IMMUNITY TO PATHOGENS
BD410068,Ebola virus,GenBank,set:BD410068,,"Wang,D.",,,2005-11-04,,Orthoebolavirus zairense,Orthoebolavirus,Filoviridae,ssRNA(-),7,partial,,,,,,,,,,,,GENETIC VACCINE THAT MIMICS NATURAL VIRAL INFECTION AND INDUCES LONG-LASTING IMMUNITY TO PATHOGENS
BD410070,Ebola virus,GenBank,set:BD410070,,"Wang,D.",,,2005-11-04,,Orthoebolavirus zairense,Orthoebolavirus,Filoviridae,ssRNA(-),6,partial,,,,,,,,,,,,GENETIC VACCINE THAT MIMICS NATURAL VIRAL INFECTION AND INDUCES LONG-LASTING IMMUNITY TO PATHOGENS
AF086833,"Ebola virus - Mayinga, Zaire, 1976",GenBank,set:AF086833,,"Bukreyev,A.A., Volchkov,V.E., Blinov,V.M., Netesov,S.V., Becker,S., Volchkova,V.A., Ternovoj,V.A., Kotov,A.N., Klenk,H.D., Feldmann,H., Slenczka,W., Chepurnov,A.A., Dolnik,O.","Philipps-University Marburg, Institute of Virology",Germany,1999-02-10,,Orthoebolavirus zairense,Orthoebolavirus,Filoviridae,ssRNA(-),18959,complete,,,5,,,,,,,,,"Ebola virus - Mayinga, Zaire, 1976, complete genome"
